Continent,ISO3v10,Country,ProjectRegion,<100K_num_ctry,100-500K_num_ctry,500K-1mil_num_ctry,1-5mil_num_ctry,5mil+_num_ctry,Total_num_ctry,<100K_00p_ctry,100-500K_00p_ctry,500K-1mil_00p_ctry,1-5mil_00p_ctry,5mil+_00p_ctry,Total_00p_ctry,<100K_km_ctry,100-500K_km_ctry,500K-1mil_km_ctry,1-5mil_km_ctry,5mil+_km_ctry,Total_km_ctry,<100K_num_lecz,100-500K_num_lecz,500K-1mil_num_lecz,1-5mil_num_lecz,5mil+_num_lecz,Total_num_lecz,<100K_00p_lecz,100-500K_00p_lecz,500K-1mil_00p_lecz,1-5mil_00p_lecz,5mil+_00p_lecz,Total_00p_lecz,<100K_km_lecz,100-500K_km_lecz,500K-1mil_km_lecz,1-5mil_km_lecz,5mil+_km_lecz,Total_km_lecz
Africa,AGO,Angola,Africa,0,4,0,2,0,6,0,"1,088,308",0,"3,100,470",0,"4,188,778",0,324,0,702,0,"1,025",0,2,0,1,0,3,0,"154,190",0,"245,068",0,"399,258",0,74,0,68,0,142
Africa,BDI,Burundi,Africa,14,1,0,0,0,15,"338,432","225,924",0,0,0,"564,356",427,138,0,0,0,566,0,0,0,0,0,0,0,0,0,0,0,0,0,0,0,0,0,0
Africa,BEN,Benin,Africa,32,3,1,0,0,36,"793,090","650,521","966,152",0,0,"2,409,763",935,304,195,0,0,"1,433",3,1,1,0,0,5,"29,402","67,680","919,787",0,0,"1,016,869",34,9,166,0,0,210
Africa,BFA,Burkina Faso,Africa,92,0,1,0,0,93,"680,938",0,"772,535",0,0,"1,453,473","2,629",0,370,0,0,"2,999",0,0,0,0,0,0,0,0,0,0,0,0,0,0,0,0,0,0
Africa,BWA,Botswana,Africa,27,1,0,0,0,28,"476,752","136,095",0,0,0,"612,847","1,695",392,0,0,0,"2,086",0,0,0,0,0,0,0,0,0,0,0,0,0,0,0,0,0,0
Africa,CAF,Central African Republic,Africa,30,0,1,0,0,31,"706,231",0,"695,677",0,0,"1,401,908","1,040",0,249,0,0,"1,288",0,0,0,0,0,0,0,0,0,0,0,0,0,0,0,0,0,0
Africa,CIV,Ivory Coast,Africa,57,8,1,1,0,67,"1,861,540","1,240,064","512,550","3,029,364",0,"6,643,518","1,784",800,229,661,0,"3,473",5,1,0,1,0,7,"114,114","40,328",0,"827,199",0,"981,641",60,29,0,151,0,240
Africa,CMR,Cameroon,Africa,97,2,0,2,0,101,"2,569,849","300,495",0,"3,483,283",0,"6,353,627","3,161",196,0,735,0,"4,092",2,0,0,1,0,3,"2,518",0,0,"429,377",0,"431,895",3,0,0,102,0,104
Africa,COD,"Congo, Democratic Republic",Africa,122,23,2,1,0,148,"4,095,808","4,175,562","1,877,382","4,892,491",0,"15,041,243","4,237","1,659",390,575,0,"6,861",1,1,0,0,0,2,"6,059","7,613",0,0,0,"13,672",65,3,0,0,0,68
Africa,COG,Congo,Africa,19,0,2,0,0,21,"501,299",0,"1,429,822",0,0,"1,931,121",656,0,537,0,0,"1,193",0,0,1,0,0,1,0,0,"72,818",0,0,"72,818",0,0,28,0,0,28
Africa,COM,Comoros,SIS,5,0,0,0,0,5,"127,596",0,0,0,0,"127,596",101,0,0,0,0,101,2,0,0,0,0,2,"25,075",0,0,0,0,"25,075",20,0,0,0,0,20
Africa,CPV,Cape Verde,SIS,8,0,0,0,0,8,"207,413",0,0,0,0,"207,413",173,0,0,0,0,173,3,0,0,0,0,3,"23,450",0,0,0,0,"23,450",22,0,0,0,0,22
Africa,DJI,Djibouti,Africa,4,1,0,0,0,5,"34,469","418,787",0,0,0,"453,256",68,88,0,0,0,157,1,1,0,0,0,2,"2,086","233,137",0,0,0,"235,223",2,49,0,0,0,51
Africa,DZA,Algeria,Africa,81,30,3,2,0,116,"3,118,080","6,305,448","2,175,698","5,302,184",0,"16,901,410","9,523","6,861","1,465","3,314",0,"21,163",4,5,1,2,0,12,"18,081","217,482","200,038","556,102",0,"991,703",47,153,233,272,0,705
Africa,EGY,Egypt,Africa,16,30,6,6,2,60,"895,695","7,440,081","4,122,976","14,740,948","32,048,700","59,248,400","1,490","1,897","1,543","4,490","14,504","23,924",15,27,6,5,0,53,"606,739","6,163,156","3,481,423","9,465,460",0,"19,716,778",587,"1,214","1,061","2,215",0,"5,078"
Africa,ERI,Eritrea,Africa,7,2,0,0,0,9,"203,151","387,005",0,0,0,"590,156",192,145,0,0,0,337,2,0,0,0,0,2,"11,054",0,0,0,0,"11,054",26,0,0,0,0,26
Africa,ETH,Ethiopia,Africa,199,7,0,1,0,207,"3,522,975","1,104,759",0,"2,795,904",0,"7,423,638","3,482",430,0,588,0,"4,500",0,0,0,0,0,0,0,0,0,0,0,0,0,0,0,0,0,0
Africa,GAB,Gabon,Africa,28,1,0,0,0,29,"457,696","420,458",0,0,0,"878,154",524,281,0,0,0,804,2,1,0,0,0,3,"10,365","49,094",0,0,0,"59,459",6,61,0,0,0,67
Africa,GHA,Ghana,Africa,108,3,0,2,0,113,"2,040,895","548,624",0,"4,172,021",0,"6,761,540","3,320",542,0,"1,284",0,"5,146",14,2,0,1,0,17,"129,249","50,246",0,"240,758",0,"420,253",114,40,0,57,0,210
Africa,GIN,Guinea,Africa,30,5,1,0,0,36,"803,466","855,580","880,874",0,0,"2,539,920",685,169,222,0,0,"1,076",4,0,1,0,0,5,"47,392",0,"380,716",0,0,"428,108",77,0,96,0,0,173
Africa,GMB,Gambia,Africa,18,1,0,0,0,19,"242,454","442,586",0,0,0,"685,040",364,158,0,0,0,522,11,1,0,0,0,12,"74,814","264,059",0,0,0,"338,873",128,72,0,0,0,199
Africa,GNB,Guinea-Bissau,Africa,10,1,0,0,0,11,"96,701","249,439",0,0,0,"346,140",202,75,0,0,0,277,8,1,0,0,0,9,"35,865","71,632",0,0,0,"107,497",75,19,0,0,0,94
Africa,GNQ,Equatorial Guinea,Africa,9,0,0,0,0,9,"174,423",0,0,0,0,"174,423",212,0,0,0,0,212,3,0,0,0,0,3,"14,190",0,0,0,0,"14,190",23,0,0,0,0,23
Africa,KEN,Kenya,Africa,63,8,0,1,0,72,"1,749,231","1,440,270",0,"3,054,193",0,"6,243,694","1,764",765,0,"1,198",0,"3,727",2,1,0,0,0,3,"7,931","110,114",0,0,0,"118,045",9,4,0,0,0,13
Africa,LBR,Liberia,Africa,11,5,0,0,0,16,"372,160","704,536",0,0,0,"1,076,696",184,152,0,0,0,337,1,4,0,0,0,5,"10,869","495,560",0,0,0,"506,429",12,92,0,0,0,105
Africa,LBY,Libyan Arab Jamahiriya,Africa,24,3,2,1,0,30,"871,039","355,505","1,168,185","2,109,848",0,"4,504,577","3,962",916,"2,420","2,418",0,"9,716",8,0,2,1,0,11,"90,517",0,"294,913","390,792",0,"776,222",754,0,679,654,0,"2,086"
Africa,LSO,Lesotho,Africa,11,2,0,0,0,13,"220,672","336,748",0,0,0,"557,420",420,225,0,0,0,645,0,0,0,0,0,0,0,0,0,0,0,0,0,0,0,0,0,0
Africa,MAR,Morocco (includes Western Sahara),Africa,39,24,5,0,1,69,"1,994,633","5,067,241","3,526,157",0,"5,964,130","16,552,161","3,384","4,138","1,974",0,"1,784","11,280",5,8,2,0,1,16,"47,659","384,311","126,596",0,"1,495,169","2,053,735",80,357,61,0,276,775
Africa,MDG,Madagascar,Africa,69,0,0,1,0,70,"1,720,345",0,0,"1,356,019",0,"3,076,364","1,398",0,0,416,0,"1,814",21,0,0,0,0,21,"332,018",0,0,0,0,"332,018",231,0,0,0,0,231
Africa,MLI,Mali,Africa,99,3,0,1,0,103,"1,363,191","319,960",0,"1,038,743",0,"2,721,894","2,368",235,0,564,0,"3,168",0,0,0,0,0,0,0,0,0,0,0,0,0,0,0,0,0,0
Africa,MOZ,Mozambique,Africa,61,7,0,1,0,69,"1,866,971","1,743,723",0,"1,770,351",0,"5,381,045","1,737",654,0,324,0,"2,716",14,4,0,1,0,19,"211,212","662,523",0,"389,657",0,"1,263,392",159,260,0,51,0,470
Africa,MRT,Mauritania,Africa,12,1,0,0,0,13,"144,486","218,826",0,0,0,"363,312",299,278,0,0,0,577,3,1,0,0,0,4,"27,364","215,051",0,0,0,"242,415",44,273,0,0,0,317
Africa,MUS,Mauritius,SIS,3,0,1,0,0,4,"105,915",0,"812,723",0,0,"918,638",270,0,941,0,0,"1,211",2,0,1,0,0,3,"5,529",0,"83,786",0,0,"89,315",4,0,86,0,0,90
Africa,MWI,Malawi,Africa,28,1,2,0,0,31,"562,088","101,937","1,229,593",0,0,"1,893,618",846,116,837,0,0,"1,799",0,0,0,0,0,0,0,0,0,0,0,0,0,0,0,0,0,0
Africa,MYT,Mayotte,SIS,2,0,0,0,0,2,"95,655",0,0,0,0,"95,655",34,0,0,0,0,34,2,0,0,0,0,2,"19,737",0,0,0,0,"19,737",4,0,0,0,0,4
Africa,NAM,Namibia,Africa,14,1,0,0,0,15,"366,552","213,669",0,0,0,"580,221","1,325",408,0,0,0,"1,732",2,0,0,0,0,2,"37,633",0,0,0,0,"37,633",75,0,0,0,0,75
Africa,NER,Niger,Africa,35,7,0,0,0,42,"1,009,125","910,780",0,0,0,"1,919,905","1,112",521,0,0,0,"1,633",0,0,0,0,0,0,0,0,0,0,0,0,0,0,0,0,0,0
Africa,NGA,Nigeria,Africa,43,66,10,6,1,126,"2,591,181","13,442,539","6,760,612","9,601,643","7,455,320","39,851,295","2,161","6,096","2,654","2,592","1,363","14,867",3,5,0,0,1,9,"103,684","778,376",0,0,"3,640,918","4,522,978",42,158,0,0,620,820
Africa,REU,Reunion,Africa,12,1,0,0,0,13,"290,030","161,842",0,0,0,"451,872",266,140,0,0,0,406,7,0,0,0,0,7,"91,950",0,0,0,0,"91,950",83,0,0,0,0,83
Africa,RWA,Rwanda,Africa,4,1,0,0,0,5,"184,985","312,533",0,0,0,"497,518",122,120,0,0,0,243,0,0,0,0,0,0,0,0,0,0,0,0,0,0,0,0,0,0
Africa,SDN,Sudan,Africa,37,22,0,1,0,60,"1,566,236","4,887,472",0,"3,700,810",0,"10,154,518","1,846","2,502",0,"1,573",0,"5,921",1,1,0,0,0,2,"68,211","231,348",0,0,0,"299,559",4,26,0,0,0,29
Africa,SEN,Senegal,Africa,34,7,0,1,0,42,"814,064","1,125,260",0,"2,409,979",0,"4,349,303",643,713,0,297,0,"1,653",11,5,0,1,0,17,"177,894","535,907",0,"1,489,446",0,"2,203,247",110,312,0,141,0,563
Africa,SHN,Saint Helena,SIS,0,0,0,0,0,0,0,0,0,0,0,0,0,0,0,0,0,0,0,0,0,0,0,0,0,0,0,0,0,0,0,0,0,0,0,0
Africa,SLE,Sierra Leone,Africa,35,0,1,0,0,36,"611,020",0,"802,567",0,0,"1,413,587",737,0,91,0,0,828,8,0,1,0,0,9,"40,785",0,"140,274",0,0,"181,059",52,0,18,0,0,70
Africa,SOM,Somalia,Africa,3,3,0,1,0,7,"203,738","765,446",0,"1,093,811",0,"2,062,995",54,56,0,171,0,280,2,0,0,1,0,3,"32,729",0,0,"46,459",0,"79,188",21,0,0,4,0,24
Africa,STP,Sao Tome and Principe,SIS,1,0,0,0,0,1,"54,421",0,0,0,0,"54,421",47,0,0,0,0,47,1,0,0,0,0,1,"19,338",0,0,0,0,"19,338",16,0,0,0,0,16
Africa,SWZ,Swaziland,Africa,5,1,0,0,0,6,"64,860","148,299",0,0,0,"213,159",284,584,0,0,0,868,0,0,0,0,0,0,0,0,0,0,0,0,0,0,0,0,0,0
Africa,SYC,Seychelles,SIS,1,0,0,0,0,1,"53,719",0,0,0,0,"53,719",120,0,0,0,0,120,1,0,0,0,0,1,"6,755",0,0,0,0,"6,755",15,0,0,0,0,15
Africa,TCD,Chad,Africa,37,0,1,0,0,38,"1,059,292",0,"618,053",0,0,"1,677,345",962,0,177,0,0,"1,139",0,0,0,0,0,0,0,0,0,0,0,0,0,0,0,0,0,0
Africa,TGO,Togo,Africa,31,0,1,0,0,32,"558,996",0,"893,945",0,0,"1,452,941","1,223",0,271,0,0,"1,493",2,0,1,0,0,3,"24,557",0,"343,028",0,0,"367,585",60,0,122,0,0,182
Africa,TUN,Tunisia,Africa,48,8,1,1,0,58,"1,979,560","1,302,191","599,301","2,099,075",0,"5,980,127","4,351","2,098",997,"1,928",0,"9,375",16,3,1,1,0,21,"257,720","232,351","158,894","592,817",0,"1,241,782",579,362,264,413,0,"1,619"
Africa,TZA,United Rep. of Tanzania,Africa,26,25,3,1,0,55,"1,207,688","5,849,613","1,816,958","2,419,945",0,"11,294,204",827,"1,728",259,546,0,"3,360",3,3,0,1,0,7,"41,672","152,705",0,"302,668",0,"497,045",19,17,0,68,0,105
Africa,UGA,Uganda,Africa,42,4,0,1,0,47,"699,082","548,763",0,"1,613,494",0,"2,861,339",546,351,0,563,0,"1,459",0,0,0,0,0,0,0,0,0,0,0,0,0,0,0,0,0,0
Africa,ZAF,South Africa,Africa,167,28,0,3,1,199,"3,907,771","6,197,733",0,"7,449,013","7,994,775","25,549,292","15,681","14,864",0,"6,155","7,841","44,542",7,4,0,3,0,14,"19,669","4,743",0,"409,364",0,"433,776",50,84,0,185,0,319
Africa,ZMB,Zambia,Africa,28,6,0,1,0,35,"742,091","1,592,382",0,"1,359,351",0,"3,693,824","1,982","1,417",0,935,0,"4,334",0,0,0,0,0,0,0,0,0,0,0,0,0,0,0,0,0,0
Africa,ZWE,Zimbabwe,Africa,17,4,0,2,0,23,"594,145","657,291",0,"3,418,071",0,"4,669,507","1,773","1,163",0,"1,999",0,"4,936",0,0,0,0,0,0,0,0,0,0,0,0,0,0,0,0,0,0
Asia,AFG,Afghanistan,Asia,28,5,1,1,0,35,"563,290","958,606","701,778","2,095,631",0,"4,319,305","1,191",646,4,81,0,"1,922",0,0,0,0,0,0,0,0,0,0,0,0,0,0,0,0,0,0
Asia,ARE,United Arab Emirates,Asia,3,0,0,1,0,4,"160,289",0,0,"1,969,830",0,"2,130,119","1,305",0,0,"6,297",0,"7,602",3,0,0,1,0,4,"37,051",0,0,"500,896",0,"537,947",304,0,0,"1,359",0,"1,664"
Asia,ARM,Armenia,Europe,29,3,0,1,0,33,"554,109","496,034",0,"1,651,491",0,"2,701,634",573,423,0,594,0,"1,590",0,0,0,0,0,0,0,0,0,0,0,0,0,0,0,0,0,0
Asia,AZE,Azerbaijan,Europe,19,7,0,1,0,27,"780,448","1,384,449",0,"2,079,787",0,"4,244,684","2,083","2,444",0,"1,597",0,"6,123",0,0,0,0,0,0,0,0,0,0,0,0,0,0,0,0,0,0
Asia,BGD,Bangladesh,Asia,84,35,8,2,1,130,"4,198,524","7,198,842","5,332,889","4,153,256","9,804,932","30,688,443","2,976","3,234","1,704",990,"1,282","10,185",52,18,5,2,1,78,"2,003,932","2,626,141","2,313,995","3,316,631","5,162,157","15,422,856","1,374","1,045",655,710,734,"4,517"
Asia,BHR,Bahrain,Asia,2,0,1,0,0,3,"93,704",0,"503,343",0,0,"597,047",23,0,510,0,0,533,2,0,1,0,0,3,"93,704",0,"359,042",0,0,"452,746",23,0,220,0,0,243
Asia,BRN,Brunei Darussalam,Asia,0,1,0,0,0,1,0,"222,177",0,0,0,"222,177",0,"1,117",0,0,0,"1,117",0,1,0,0,0,1,0,"24,916",0,0,0,"24,916",0,256,0,0,0,256
Asia,BTN,Bhutan,Asia,5,0,0,0,0,5,"149,055",0,0,0,0,"149,055",206,0,0,0,0,206,0,0,0,0,0,0,0,0,0,0,0,0,0,0,0,0,0,0
Asia,CHN,China,Asia,"3,224",475,43,56,5,"3,803","123,119,150","83,163,890","32,012,036","125,046,739","60,377,211","423,719,026","121,016","44,367","21,090","55,697","19,071","261,241",325,94,14,22,4,459,"8,715,440","11,227,371","4,408,175","20,991,471","32,902,310","78,244,767","7,623","4,696","2,469","8,460","10,009","33,256"
Asia,CYP,Cyprus,SIS,1,3,0,0,0,4,"50,475","619,830",0,0,0,"670,305",246,"2,050",0,0,0,"2,296",0,3,0,0,0,3,0,"54,249",0,0,0,"54,249",0,177,0,0,0,177
Asia,GEO,Georgia,Europe,42,5,0,1,0,48,"765,003","876,783",0,"1,421,659",0,"3,063,445","1,679",979,0,784,0,"3,441",7,2,0,0,0,9,"76,537","154,376",0,0,0,"230,913",108,52,0,0,0,159
Asia,HKG,Hong Kong,Asia,0,1,0,2,0,3,0,"344,890",0,"5,439,870",0,"5,784,760",0,5,0,763,0,769,0,1,0,2,0,3,0,"113,004",0,"739,437",0,"852,441",0,2,0,103,0,104
Asia,IDN,Indonesia,Asia,146,65,10,14,3,238,"6,994,556","13,966,695","7,343,774","21,792,655","31,268,894","81,366,574","6,078","8,557","3,398","8,047","6,319","32,398",73,28,6,9,2,118,"1,729,205","1,920,331","1,940,128","6,914,883","10,200,513","22,705,060","1,542","1,610",938,"2,451","1,633","8,174"
Asia,IND,India,Asia,"2,275",388,41,26,6,"2,736","73,597,097","77,735,697","29,834,664","54,608,642","65,470,732","301,246,832","85,847","59,173","19,856","25,891","13,757","204,524",107,50,11,4,3,175,"2,537,862","5,195,243","1,768,193","3,855,718","18,176,783","31,533,799","2,770","3,045","1,291","1,435","2,894","11,435"
Asia,IRN,Iran,Asia,80,46,5,5,1,137,"4,583,525","9,048,918","3,710,610","10,123,280","12,449,130","39,915,463","14,454","18,733","6,835","14,113","5,843","59,978",5,4,1,0,0,10,"120,133","592,951","10,680",0,0,"723,764",414,961,44,0,0,"1,418"
Asia,IRQ,Iraq,Asia,2,11,7,0,1,21,"155,085","3,493,844","5,630,270",0,"6,337,758","15,616,957",190,"2,849","4,814",0,"2,016","9,869",1,1,2,0,0,4,"81,249","408,510","1,149,216",0,0,"1,638,975",128,331,"1,304",0,0,"1,762"
Asia,ISR,Israel,Asia,3,2,0,1,0,6,"80,207","326,887",0,"4,611,058",0,"5,018,152",386,187,0,"5,588",0,"6,161",0,0,0,1,0,1,0,0,0,"300,675",0,"300,675",0,0,0,219,0,219
Asia,JOR,Jordan,Asia,10,1,0,1,0,12,"369,086","495,624",0,"2,889,109",0,"3,753,819","1,241",324,0,"1,464",0,"3,028",1,0,0,0,0,1,839,0,0,0,0,839,3,0,0,0,0,3
Asia,JPN,Japan,Asia,98,22,11,10,2,143,"3,620,428","4,852,532","7,816,858","16,792,036","79,992,015","113,073,869","11,658","12,810","12,396","25,410","41,937","104,210",61,12,9,9,2,93,"498,606","721,270","1,420,938","4,679,260","21,695,604","29,015,678","1,328","1,427","1,773","5,070","7,743","17,340"
Asia,KAZ,Kazakhstan,Asia,7,21,2,1,0,31,"340,383","5,029,040","1,722,495","1,689,938",0,"8,781,856",718,"7,324","2,246","1,694",0,"11,983",0,0,0,0,0,0,0,0,0,0,0,0,0,0,0,0,0,0
Asia,KGZ,Kyrgyz Republic,Asia,15,1,1,0,0,17,"446,320","209,136","892,651",0,0,"1,548,107","1,398",261,"1,475",0,0,"3,134",0,0,0,0,0,0,0,0,0,0,0,0,0,0,0,0,0,0
Asia,KHM,Cambodia,Asia,20,1,0,1,0,22,"453,644","162,590",0,"1,269,355",0,"1,885,589",378,42,0,252,0,672,6,0,0,1,0,7,"77,603",0,0,"210,014",0,"287,617",62,0,0,74,0,136
Asia,KOR,Korea,Asia,34,13,2,5,1,55,"1,597,251","3,071,982","1,498,495","11,421,375","20,781,180","38,370,283","3,173","3,865","1,252","5,572","5,770","19,630",13,8,1,3,1,26,"120,034","145,982","45,791","927,852","794,666","2,034,325",238,241,56,577,258,"1,371"
Asia,KWT,Kuwait,Asia,0,0,0,1,0,1,0,0,0,"1,610,881",0,"1,610,881",0,0,0,"3,691",0,"3,691",0,0,0,1,0,1,0,0,0,"160,984",0,"160,984",0,0,0,390,0,390
Asia,LAO,Lao People's Democratic Republic,Asia,15,2,0,0,0,17,"487,086","405,267",0,0,0,"892,353",727,407,0,0,0,"1,134",0,0,0,0,0,0,0,0,0,0,0,0,0,0,0,0,0,0
Asia,LBN,Lebanon,Asia,6,3,1,1,0,11,"258,361","561,425","597,622","1,540,344",0,"2,957,752",183,595,450,903,0,"2,130",1,1,1,1,0,4,"12,887","13,367","182,440","209,341",0,"418,035",6,16,41,30,0,93
Asia,LKA,Sri Lanka,Asia,21,3,0,1,0,25,"727,714","859,556",0,"2,631,718",0,"4,218,988","1,242",731,0,"1,483",0,"3,455",11,2,0,1,0,14,"235,845","104,589",0,"618,865",0,"959,299",383,93,0,265,0,741
Asia,MAC,Macao,Asia,0,1,0,0,0,1,0,"336,753",0,0,0,"336,753",0,9,0,0,0,9,0,1,0,0,0,1,0,"163,216",0,0,0,"163,216",0,4,0,0,0,4
Asia,MDV,Maldives,SIS,1,0,0,0,0,1,"5,372",0,0,0,0,"5,372",2,0,0,0,0,2,1,0,0,0,0,1,"5,372",0,0,0,0,"5,372",2,0,0,0,0,2
Asia,MMR,Myanmar,Asia,29,25,2,2,0,58,"1,477,180","4,624,146","1,067,196","5,283,829",0,"12,452,351",825,"2,384",244,"1,245",0,"4,698",15,6,2,1,0,24,"475,782","668,220","711,460","2,653,794",0,"4,509,256",235,153,160,537,0,"1,084"
Asia,MNG,Mongolia,Asia,22,0,1,0,0,23,"645,819",0,"806,245",0,0,"1,452,064",772,0,451,0,0,"1,223",0,0,0,0,0,0,0,0,0,0,0,0,0,0,0,0,0,0
Asia,MYS,Malaysia,Asia,46,18,3,2,0,69,"1,432,622","4,724,938","1,950,125","5,794,225",0,"13,901,910","3,312","5,818","1,738","3,223",0,"14,090",25,15,2,2,0,44,"384,189","2,064,632","600,986","634,138",0,"3,683,945",680,"2,192",448,454,0,"3,774"
Asia,NPL,Nepal,Asia,33,3,0,1,0,37,"1,162,254","462,699",0,"1,100,187",0,"2,725,140","1,544",693,0,457,0,"2,694",0,0,0,0,0,0,0,0,0,0,0,0,0,0,0,0,0,0
Asia,OMN,Oman,Asia,9,1,0,1,0,11,"526,773","170,656",0,"1,204,148",0,"1,901,577","1,922",625,0,"2,794",0,"5,341",3,1,0,1,0,5,"35,428","10,138",0,"386,212",0,"431,778",102,37,0,"1,007",0,"1,146"
Asia,PAK,Pakistan,Asia,105,55,6,6,2,174,"5,827,745","10,684,007","3,447,976","11,262,487","16,888,271","48,110,486","7,666","8,456","2,749","4,686","2,780","26,338",3,1,0,0,1,5,"104,748","68,105",0,0,"2,054,203","2,227,056",164,25,0,0,175,364
Asia,PHL,Philippines,Asia,40,28,3,1,1,73,"2,148,026","4,874,358","2,065,903","1,223,027","14,555,120","24,866,434","1,819","2,900","1,234",463,"2,180","8,596",22,20,3,1,1,47,"473,774","1,440,001","482,347","259,133","4,151,967","6,807,222",296,832,336,49,360,"1,872"
Asia,PRK,"Korea, Dem. People's Rep. of",Asia,4,15,1,1,0,21,"303,676","2,471,369","502,040","2,445,031",0,"5,722,116",26,548,121,440,0,"1,135",2,8,1,0,0,11,"37,321","681,957","174,051",0,0,"893,329",2,209,34,0,0,245
Asia,PSE,Occupied Palestinian Territory,Asia,25,3,1,1,0,30,"389,996","558,959","630,800","1,112,864",0,"2,692,619",666,566,564,331,0,"2,128",0,0,0,1,0,1,0,0,0,"139,217",0,"139,217",0,0,0,40,0,40
Asia,QAT,Qatar,Asia,1,0,1,0,0,2,"6,910",0,"506,874",0,0,"513,784",125,0,"1,504",0,0,"1,629",1,0,1,0,0,2,"5,458",0,"159,872",0,0,"165,330",99,0,277,0,0,376
Asia,SAU,Saudi Arabia,Asia,11,5,8,4,0,28,"485,245","1,487,415","5,180,129","9,079,054",0,"16,231,843","3,978","4,412","11,039","12,289",0,"31,717",2,1,2,2,0,7,"27,297","327,390","340,445","1,926,049",0,"2,621,181",39,402,594,"1,787",0,"2,822"
Asia,SGP,Singapore,Asia,0,0,0,1,0,1,0,0,0,"3,926,256",0,"3,926,256",0,0,0,543,0,543,0,0,0,1,0,1,0,0,0,"550,392",0,"550,392",0,0,0,62,0,62
Asia,SYR,Syrian Arab Republic,Asia,13,8,3,2,0,26,"756,079","2,484,907","2,305,346","2,757,403",0,"8,303,735","1,969","5,234",886,"1,054",0,"9,143",0,1,0,1,0,2,0,"24,380",0,"54,133",0,"78,513",0,7,0,34,0,41
Asia,THA,Thailand,Asia,88,24,3,0,1,116,"3,427,443","4,240,956","1,843,754",0,"11,274,980","20,787,133","9,406","9,023","3,067",0,"6,028","27,525",24,15,1,0,1,41,"455,612","1,535,264","194,853",0,"10,286,340","12,472,069","1,057","3,069",222,0,"4,843","9,191"
Asia,TJK,Tajikistan,Asia,8,3,1,0,0,12,"306,503","617,509","828,226",0,0,"1,752,238","1,001","1,465","1,279",0,0,"3,745",0,0,0,0,0,0,0,0,0,0,0,0,0,0,0,0,0,0
Asia,TKM,Turkmenistan,Asia,5,6,1,0,0,12,"251,328","1,246,101","513,543",0,0,"2,010,972",932,"3,216","1,810",0,0,"5,958",0,0,0,0,0,0,0,0,0,0,0,0,0,0,0,0,0,0
Asia,TLS,East Timor,Asia,2,0,0,0,0,2,"32,536",0,0,0,0,"32,536",143,0,0,0,0,143,1,0,0,0,0,1,"1,369",0,0,0,0,"1,369",7,0,0,0,0,7
Asia,TUR,Turkey,Asia,298,49,6,5,1,359,"10,989,689","9,775,824","3,900,339","10,553,335","8,299,985","43,519,172","20,216","12,142","2,831","7,878",824,"43,892",41,10,2,4,1,58,"384,811","332,841","109,258","787,458","262,764","1,877,132",766,406,91,583,26,"1,872"
Asia,TWN,Taiwan,Asia,7,0,0,0,1,8,"248,207",0,0,0,"13,864,650","14,112,857","1,642",0,0,0,"11,187","12,829",5,0,0,0,1,6,"59,677",0,0,0,"2,961,910","3,021,587",218,0,0,0,"2,386","2,604"
Asia,UZB,Uzbekistan,Asia,39,15,3,1,0,58,"1,262,647","3,347,349","1,658,252","3,261,513",0,"9,529,761","3,947","6,560","3,442","1,918",0,"15,867",0,0,0,0,0,0,0,0,0,0,0,0,0,0,0,0,0,0
Asia,VNM,Viet Nam,Asia,18,30,2,1,1,52,"1,151,441","5,952,086","1,436,757","3,031,026","5,834,918","17,406,228",950,"2,675",338,710,"1,286","5,959",11,26,2,1,1,41,"526,942","4,628,002","1,328,050","1,607,595","4,772,285","12,862,874",336,"1,838",287,460,951,"3,872"
Asia,YEM,Yemen,Asia,20,5,1,1,0,27,"796,452","1,524,268","712,918","1,408,156",0,"4,441,794","1,815","1,019",419,680,0,"3,933",2,3,0,0,0,5,"10,671","308,293",0,0,0,"318,964",21,160,0,0,0,181
Europe,ALB,Albania,Europe,37,2,0,0,0,39,"850,253","439,780",0,0,0,"1,290,033","1,130",394,0,0,0,"1,524",7,1,0,0,0,8,"83,332","49,358",0,0,0,"132,690",122,46,0,0,0,168
Europe,AND,Andorra,Europe,1,0,0,0,0,1,"85,196",0,0,0,0,"85,196",309,0,0,0,0,309,0,0,0,0,0,0,0,0,0,0,0,0,0,0,0,0,0,0
Europe,AUT,Austria,Europe,86,5,1,1,0,93,"1,327,161","1,329,132","560,033","2,044,261",0,"5,260,587","5,519","3,112",825,"1,582",0,"11,038",0,0,0,0,0,0,0,0,0,0,0,0,0,0,0,0,0,0
Europe,BEL,Belgium,Europe,71,2,0,0,1,74,"1,114,412","505,878",0,0,"7,746,576","9,366,866","1,828",752,0,0,"9,939","12,519",11,1,0,0,1,13,"128,080","377,015",0,0,"1,743,414","2,248,509",157,614,0,0,"2,262","3,032"
Europe,BGR,Bulgaria,Europe,24,11,0,1,0,36,"1,043,357","1,971,875",0,"1,268,624",0,"4,283,856","2,042","2,910",0,"1,155",0,"6,107",0,2,0,0,0,2,0,"108,154",0,0,0,"108,154",0,140,0,0,0,140
Europe,BIH,Bosnia-Herzegovina,Europe,17,5,0,0,0,22,"651,145","959,230",0,0,0,"1,610,375",613,675,0,0,0,"1,288",0,0,0,0,0,0,0,0,0,0,0,0,0,0,0,0,0,0
Europe,BLR,Belarus,Europe,15,16,1,1,0,33,"849,835","3,233,347","586,781","1,776,983",0,"6,446,946","1,525","4,512",591,"1,265",0,"7,892",0,0,0,0,0,0,0,0,0,0,0,0,0,0,0,0,0,0
Europe,CHE,Switzerland,Europe,48,10,0,1,0,59,"856,122","2,385,612",0,"1,727,883",0,"4,969,617","2,173","3,801",0,"2,030",0,"8,004",0,0,0,0,0,0,0,0,0,0,0,0,0,0,0,0,0,0
Europe,CZE,Czech Republic,Europe,80,10,2,1,0,93,"2,811,075","1,737,365","1,394,986","1,463,049",0,"7,406,475","5,357","3,287","1,457","1,273",0,"11,374",0,0,0,0,0,0,0,0,0,0,0,0,0,0,0,0,0,0
Europe,DEU,Germany,Europe,501,65,8,9,1,584,"16,827,245","12,585,363","5,389,485","19,299,789","10,221,250","64,323,132","22,350","12,567","5,447","14,023","5,892","60,280",29,11,1,1,0,42,"850,024","1,091,188","699,898","1,063,867",0,"3,704,977","1,571","1,264",730,746,0,"4,311"
Europe,DNK,Denmark,Europe,82,4,0,1,0,87,"1,525,254","1,033,441",0,"1,424,995",0,"3,983,690","5,677","2,432",0,"1,479",0,"9,589",58,4,0,1,0,63,"439,637","309,639",0,"314,655",0,"1,063,931","1,565",362,0,244,0,"2,170"
Europe,ESP,Spain,Europe,172,21,8,5,2,208,"3,719,373","4,152,247","5,226,987","8,927,370","10,558,348","32,584,325","19,939","11,729","10,854","15,740","11,346","69,607",24,2,7,5,1,39,"80,350","139,130","638,883","1,499,748","384,687","2,742,798",310,282,811,"1,491",471,"3,366"
Europe,EST,Estonia,Europe,19,2,0,0,0,21,"393,924","584,896",0,0,0,"978,820","1,795",846,0,0,0,"2,642",6,1,0,0,0,7,"59,296","67,488",0,0,0,"126,784",119,48,0,0,0,167
Europe,FIN,Finland,Europe,37,5,0,1,0,43,"1,187,228","1,009,869",0,"1,299,138",0,"3,496,235","11,924","4,720",0,"2,705",0,"19,349",10,2,0,1,0,13,"105,182","25,144",0,"22,073",0,"152,399",659,273,0,24,0,956
Europe,FRA,France,Europe,207,40,10,3,1,261,"7,500,519","9,181,193","6,725,148","7,490,282","10,942,730","41,839,872","25,805","21,741","11,242","10,611","5,741","75,140",34,9,6,1,0,50,"316,726","452,146","1,203,229","193,279",0,"2,165,380",957,"1,192","2,061",377,0,"4,586"
Europe,FRO,Faeroe Islands,SIS,2,0,0,0,0,2,"13,227",0,0,0,0,"13,227",273,0,0,0,0,273,2,0,0,0,0,2,"1,362",0,0,0,0,"1,362",28,0,0,0,0,28
Europe,GBR,United Kingdom,Europe,71,26,3,4,3,107,"2,688,061","6,181,406","2,190,216","10,105,264","28,287,723","49,452,670","7,309","10,147","3,243","13,921","20,763","55,382",33,22,2,4,3,64,"411,953","939,073","643,109","1,300,902","2,514,497","5,809,534","1,150","1,496",647,"1,318","1,957","6,568"
Europe,GGY,Guernsey,SIS,0,0,0,0,0,0,0,0,0,0,0,0,0,0,0,0,0,0,0,0,0,0,0,0,0,0,0,0,0,0,0,0,0,0,0,0
Europe,GIB,Gibraltar,SIS,1,0,0,0,0,1,"20,184",0,0,0,0,"20,184",4,0,0,0,0,4,1,0,0,0,0,1,"9,385",0,0,0,0,"9,385",2,0,0,0,0,2
Europe,GRC,Greece,Europe,102,9,1,1,0,113,"2,234,509","1,295,349","964,643","3,640,597",0,"8,135,098","10,853","4,063","1,026","2,400",0,"18,342",62,6,1,1,0,70,"267,654","130,896","177,684","90,663",0,"666,897","1,167",456,253,96,0,"1,971"
Europe,HRV,Croatia,Europe,44,2,0,0,0,46,"1,012,045","408,790",0,0,0,"1,420,835","3,624","1,166",0,0,0,"4,791",13,0,0,0,0,13,"54,531",0,0,0,0,"54,531",140,0,0,0,0,140
Europe,HUN,Hungary,Europe,126,9,0,1,0,136,"2,385,649","1,420,510",0,"2,336,499",0,"6,142,658","6,800","2,391",0,"1,777",0,"10,968",0,0,0,0,0,0,0,0,0,0,0,0,0,0,0,0,0,0
Europe,IMN,Isle of Man,SIS,1,0,0,0,0,1,"49,793",0,0,0,0,"49,793",206,0,0,0,0,206,1,0,0,0,0,1,"3,962",0,0,0,0,"3,962",12,0,0,0,0,12
Europe,IRL,Ireland,Europe,54,2,0,1,0,57,"776,985","335,390",0,"1,238,952",0,"2,351,327","3,497",789,0,"1,411",0,"5,697",22,2,0,1,0,25,"92,847","61,229",0,"130,744",0,"284,820",237,94,0,85,0,416
Europe,ISL,Iceland,Europe,3,1,0,0,0,4,"36,865","167,367",0,0,0,"204,232",586,443,0,0,0,"1,029",3,1,0,0,0,4,"6,282","19,420",0,0,0,"25,702",76,40,0,0,0,116
Europe,ITA,Italy,Europe,301,24,6,9,1,341,"7,405,321","5,143,243","4,218,416","18,377,995","7,348,382","42,493,357","25,167","12,331","9,589","20,212","5,969","73,269",72,11,6,8,0,97,"768,109","387,833","656,102","2,174,102",0,"3,986,146","2,568",613,"1,317","2,555",0,"7,052"
Europe,JEY,Jersey,SIS,0,0,0,0,0,0,0,0,0,0,0,0,0,0,0,0,0,0,0,0,0,0,0,0,0,0,0,0,0,0,0,0,0,0,0,0
Europe,LIE,Liechtenstein,Europe,1,0,0,0,0,1,"30,014",0,0,0,0,"30,014",97,0,0,0,0,97,0,0,0,0,0,0,0,0,0,0,0,0,0,0,0,0,0,0
Europe,LTU,Lithuania,Europe,46,5,1,0,0,52,"719,512","1,091,604","619,327",0,0,"2,430,443","2,908","1,362",670,0,0,"4,941",3,1,0,0,0,4,"37,059","116,630",0,0,0,"153,689",118,94,0,0,0,212
Europe,LUX,Luxembourg,Europe,2,1,0,0,0,3,"38,746","286,821",0,0,0,"325,567",137,666,0,0,0,804,0,0,0,0,0,0,0,0,0,0,0,0,0,0,0,0,0,0
Europe,LVA,Latvia,Europe,31,1,1,0,0,33,"537,497","122,696","912,508",0,0,"1,572,701","2,015",192,"1,195",0,0,"3,402",3,0,1,0,0,4,"120,485",0,"571,677",0,0,"692,162",263,0,528,0,0,791
Europe,MCO,Monaco,Europe,1,0,0,0,0,1,"9,166",0,0,0,0,"9,166",3,0,0,0,0,3,1,0,0,0,0,1,"9,166",0,0,0,0,"9,166",3,0,0,0,0,3
Europe,MDA,Republic of Moldova,Europe,17,2,1,0,0,20,"402,840","560,638","829,852",0,0,"1,793,330",944,615,534,0,0,"2,093",2,1,0,0,0,3,"14,272","33,398",0,0,0,"47,670",20,81,0,0,0,101
Europe,MKD,Macedonia,Europe,19,2,0,0,0,21,"528,718","709,659",0,0,0,"1,238,377","1,733",953,0,0,0,"2,686",0,0,0,0,0,0,0,0,0,0,0,0,0,0,0,0,0,0
Europe,MLT,Malta,SIS,1,1,0,0,0,2,"29,024","341,173",0,0,0,"370,197",61,225,0,0,0,286,1,1,0,0,0,2,"2,455","36,059",0,0,0,"38,514",10,23,0,0,0,33
Europe,NLD,Netherlands,Europe,54,8,4,0,1,67,"1,943,018","1,959,370","2,825,650",0,"6,651,667","13,379,705","2,406","2,630","2,307",0,"5,055","12,398",42,7,3,0,1,53,"1,353,764","1,254,672","1,084,731",0,"6,432,599","10,125,766","1,786","1,827",973,0,"4,841","9,426"
Europe,NOR,Norway,Europe,50,5,0,1,0,56,"712,725","876,239",0,"1,508,335",0,"3,097,299","8,997","5,353",0,"5,062",0,"19,412",41,4,0,1,0,46,"100,576","89,090",0,"38,365",0,"228,031",758,312,0,130,0,"1,200"
Europe,POL,Poland,Europe,129,31,4,3,0,167,"6,165,742","6,236,469","3,315,531","6,521,452",0,"22,239,194","10,182","7,649","3,203","5,303",0,"26,337",5,3,1,0,0,9,"130,922","296,554","281,078",0,0,"708,554",243,380,297,0,0,920
Europe,PRT,Portugal,Europe,76,4,1,2,0,83,"1,466,441","955,395","631,446","4,279,043",0,"7,332,325","5,543","2,864",703,"3,708",0,"12,818",20,3,1,2,0,26,"75,444","110,234","162,036","70,721",0,"418,435",273,248,138,86,0,744
Europe,ROU,Romania,Europe,214,22,0,1,0,237,"3,678,686","4,962,316",0,"2,197,247",0,"10,838,249","8,635","5,041",0,775,0,"14,452",8,3,0,0,0,11,"58,494","480,302",0,0,0,"538,796",253,427,0,0,0,680
Europe,RUS,Russia,Europe,360,121,26,14,2,523,"16,427,345","27,088,872","17,170,502","19,794,005","17,245,861","97,726,585","68,209","56,676","28,707","25,075","7,807","186,473",27,13,1,1,1,43,"439,440","749,384","135,264","420,068","702,946","2,447,102","1,189","1,113",97,253,157,"2,810"
Europe,SCG,Serbia and Montenegro,Europe,46,10,1,1,0,58,"1,900,064","1,741,722","575,099","1,263,382",0,"5,480,267","4,284","1,863",244,"1,164",0,"7,555",4,0,0,0,0,4,"5,642",0,0,0,0,"5,642",28,0,0,0,0,28
Europe,SJM,Svalbard and Jan Mayen,SIS,0,0,0,0,0,0,0,0,0,0,0,0,0,0,0,0,0,0,0,0,0,0,0,0,0,0,0,0,0,0,0,0,0,0,0,0
Europe,SMR,San Marino,SIS,0,0,0,0,0,0,0,0,0,0,0,0,0,0,0,0,0,0,0,0,0,0,0,0,0,0,0,0,0,0,0,0,0,0,0,0
Europe,SVK,Slovakia,Europe,79,8,0,0,0,87,"1,804,657","1,475,693",0,0,0,"3,280,350","4,454","2,395",0,0,0,"6,849",0,0,0,0,0,0,0,0,0,0,0,0,0,0,0,0,0,0
Europe,SVN,Slovenia,Europe,36,2,0,0,0,38,"636,116","615,054",0,0,0,"1,251,170","1,682","1,010",0,0,0,"2,692",1,0,0,0,0,1,"25,596",0,0,0,0,"25,596",29,0,0,0,0,29
Europe,SWE,Sweden,Europe,144,7,1,1,0,153,"2,911,602","1,263,158","731,415","1,623,541",0,"6,529,716","27,469","4,611","1,503","2,292",0,"35,875",43,3,1,1,0,48,"227,008","205,701","30,483","53,027",0,"516,219","1,929",430,60,54,0,"2,474"
Europe,UKR,Ukraine,Europe,14,54,9,5,0,82,"1,183,251","11,871,704","6,259,020","9,586,677",0,"28,900,652","1,466","14,317","4,799","6,254",0,"26,836",2,8,2,1,0,13,"73,221","327,752","241,871","216,312",0,"859,156",69,537,173,79,0,858
Europe,VAT,Holy See,SIS,0,0,0,0,0,0,0,0,0,0,0,0,0,0,0,0,0,0,0,0,0,0,0,0,0,0,0,0,0,0,0,0,0,0,0,0
North America,ABW,Aruba,SIS,1,0,0,0,0,1,"31,734",0,0,0,0,"31,734",61,0,0,0,0,61,1,0,0,0,0,1,"12,443",0,0,0,0,"12,443",24,0,0,0,0,24
North America,AIA,Anguilla,SIS,1,0,0,0,0,1,"10,171",0,0,0,0,"10,171",70,0,0,0,0,70,1,0,0,0,0,1,"5,128",0,0,0,0,"5,128",35,0,0,0,0,35
North America,ANT,Netherland Antilles,SIS,0,1,0,0,0,1,0,"155,353",0,0,0,"155,353",0,358,0,0,0,358,0,1,0,0,0,1,0,"8,071",0,0,0,"8,071",0,52,0,0,0,52
North America,ATG,Antigua and Barbuda,SIS,1,0,0,0,0,1,"57,490",0,0,0,0,"57,490",273,0,0,0,0,273,1,0,0,0,0,1,"14,317",0,0,0,0,"14,317",68,0,0,0,0,68
North America,BHS,Bahamas,SIS,3,1,0,0,0,4,"44,683","201,986",0,0,0,"246,669",286,217,0,0,0,503,3,1,0,0,0,4,"44,064","169,687",0,0,0,"213,751",282,182,0,0,0,464
North America,BLZ,Belize,Latin America,6,0,0,0,0,6,"93,122",0,0,0,0,"93,122",532,0,0,0,0,532,4,0,0,0,0,4,"59,777",0,0,0,0,"59,777",239,0,0,0,0,239
North America,BMU,Bermuda,SIS,2,0,0,0,0,2,"48,118",0,0,0,0,"48,118",50,0,0,0,0,50,2,0,0,0,0,2,"33,812",0,0,0,0,"33,812",35,0,0,0,0,35
North America,BRB,Barbados,SIS,0,1,0,0,0,1,0,"262,157",0,0,0,"262,157",0,434,0,0,0,434,0,1,0,0,0,1,0,"7,084",0,0,0,"7,084",0,12,0,0,0,12
North America,CAN,Canada,North America,288,25,7,3,1,324,"5,279,236","4,781,343","5,469,980","5,071,242","5,914,522","26,516,323","74,645","27,321","17,888","6,100","5,606","131,560",53,8,3,2,0,66,"215,781","162,429","60,550","668,244",0,"1,107,004","3,003",801,111,637,0,"4,552"
North America,CRI,Costa Rica,Latin America,8,0,0,1,0,9,"278,070",0,0,"2,064,727",0,"2,342,797","1,138",0,0,"1,979",0,"3,118",2,0,0,0,0,2,"38,973",0,0,0,0,"38,973",114,0,0,0,0,114
North America,CUB,Cuba,SIS,99,14,0,1,0,114,"2,985,253","2,842,658",0,"2,444,038",0,"8,271,949","5,171","3,002",0,"1,412",0,"9,585",33,3,0,1,0,37,"472,406","131,705",0,"460,228",0,"1,064,339",824,126,0,172,0,"1,121"
North America,CYM,Cayman Islands,SIS,1,0,0,0,0,1,"32,497",0,0,0,0,"32,497",188,0,0,0,0,188,1,0,0,0,0,1,"31,797",0,0,0,0,"31,797",184,0,0,0,0,184
North America,DMA,Commonwealth of Dominica,SIS,3,0,0,0,0,3,"36,539",0,0,0,0,"36,539",191,0,0,0,0,191,3,0,0,0,0,3,"1,641",0,0,0,0,"1,641",7,0,0,0,0,7
North America,DOM,Dominican Republic,SIS,23,5,1,1,0,30,"832,040","722,137","700,417","3,150,998",0,"5,405,592","1,389","1,168","1,087","1,384",0,"5,028",6,3,0,1,0,10,"39,640","69,322",0,"23,466",0,"132,428",50,137,0,8,0,195
North America,GLP,Guadeloupe,SIS,2,2,0,0,0,4,"11,591","335,867",0,0,0,"347,458",50,"1,110",0,0,0,"1,160",1,2,0,0,0,3,"3,555","66,379",0,0,0,"69,934",11,177,0,0,0,188
North America,GRD,Grenada,SIS,4,0,0,0,0,4,"56,387",0,0,0,0,"56,387",161,0,0,0,0,161,4,0,0,0,0,4,"2,423",0,0,0,0,"2,423",7,0,0,0,0,7
North America,GRL,Greenland,North America,2,0,0,0,0,2,"18,756",0,0,0,0,"18,756",72,0,0,0,0,72,2,0,0,0,0,2,"12,720",0,0,0,0,"12,720",14,0,0,0,0,14
North America,GTM,Guatemala,Latin America,23,2,0,1,0,26,"885,603","559,264",0,"2,877,668",0,"4,322,535","1,642",625,0,"1,516",0,"3,784",2,0,0,0,0,2,"23,942",0,0,0,0,"23,942",95,0,0,0,0,95
North America,HND,Honduras,Latin America,30,2,2,0,0,34,"751,906","238,118","1,793,726",0,0,"2,783,750","1,340",392,"1,389",0,0,"3,121",6,1,0,0,0,7,"97,079","53,206",0,0,0,"150,285",110,47,0,0,0,157
North America,HTI,Haiti,SIS,5,2,1,1,0,9,"115,710","606,990","692,704","1,343,417",0,"2,758,821",59,77,4,328,0,468,3,1,1,1,0,6,"33,718","64,186","201,622","124,893",0,"424,419",13,31,1,31,0,77
North America,JAM,Jamaica,SIS,9,1,0,1,0,11,"263,779","101,945",0,"1,054,480",0,"1,420,204","1,077",433,0,"1,127",0,"2,637",8,1,0,1,0,10,"53,433",142,0,"77,187",0,"130,762",193,1,0,103,0,296
North America,KNA,Saint Kitts and Nevis,SIS,2,0,0,0,0,2,"34,332",0,0,0,0,"34,332",238,0,0,0,0,238,2,0,0,0,0,2,"4,624",0,0,0,0,"4,624",33,0,0,0,0,33
North America,LCA,Saint Lucia,SIS,3,0,0,0,0,3,"99,849",0,0,0,0,"99,849",359,0,0,0,0,359,2,0,0,0,0,2,"3,915",0,0,0,0,"3,915",14,0,0,0,0,14
North America,MEX,Mexico,Latin America,395,46,17,6,1,465,"9,303,089","10,646,820","11,497,751","13,513,157","18,210,260","63,171,077","43,740","23,811","17,766","12,184","4,504","102,005",52,12,7,0,0,71,"595,045","1,015,120","1,774,462",0,0,"3,384,627","3,387","2,881","2,435",0,0,"8,703"
North America,MSR,Montserrat,SIS,0,0,0,0,0,0,0,0,0,0,0,0,0,0,0,0,0,0,0,0,0,0,0,0,0,0,0,0,0,0,0,0,0,0,0,0
North America,MTQ,Martinique,SIS,0,1,0,0,0,1,0,"353,811",0,0,0,"353,811",0,980,0,0,0,980,0,1,0,0,0,1,0,"24,033",0,0,0,"24,033",0,67,0,0,0,67
North America,NIC,Nicaragua,Latin America,25,2,0,1,0,28,"862,390","289,611",0,"1,622,139",0,"2,774,140","1,071",465,0,"1,221",0,"2,757",3,0,0,0,0,3,"28,085",0,0,0,0,"28,085",31,0,0,0,0,31
North America,PAN,Panama,Latin America,17,0,0,1,0,18,"497,128",0,0,"1,158,849",0,"1,655,977","1,864",0,0,"1,276",0,"3,140",8,0,0,1,0,9,"92,157",0,0,"44,889",0,"137,046",318,0,0,69,0,387
North America,PRI,Puerto Rico,SIS,2,0,0,1,0,3,"16,483",0,0,"3,211,515",0,"3,227,998",82,0,0,"6,558",0,"6,640",0,0,0,1,0,1,0,0,0,"633,076",0,"633,076",0,0,0,843,0,843
North America,SLV,El Salvador,Latin America,14,3,0,1,0,18,"359,292","512,517",0,"2,497,127",0,"3,368,936",963,869,0,"1,494",0,"3,326",4,0,0,0,0,4,"16,764",0,0,0,0,"16,764",65,0,0,0,0,65
North America,SPM,Saint Pierre and Miquelon,SIS,1,0,0,0,0,1,"5,571",0,0,0,0,"5,571",22,0,0,0,0,22,1,0,0,0,0,1,"3,354",0,0,0,0,"3,354",13,0,0,0,0,13
North America,TCA,Turks and Caicos Islands,SIS,0,0,0,0,0,0,0,0,0,0,0,0,0,0,0,0,0,0,0,0,0,0,0,0,0,0,0,0,0,0,0,0,0,0,0,0
North America,TTO,Trinidad and Tobago,SIS,2,0,0,1,0,3,"62,517",0,0,"1,046,097",0,"1,108,614",250,0,0,"2,021",0,"2,271",1,0,0,1,0,2,"2,543",0,0,"120,219",0,"122,762",13,0,0,249,0,261
North America,USA,United States of America,North America,"1,427",145,28,25,9,"1,634","28,369,014","32,728,901","21,541,947","58,730,365","87,508,375","228,878,602","301,956","157,885","67,375","120,693","105,975","753,884",100,24,7,5,8,144,"1,174,135","2,484,987","1,529,364","2,653,823","12,598,327","20,440,636","9,017","13,445","4,887","6,333","14,231","47,913"
North America,VCT,Saint Vincent,SIS,2,0,0,0,0,2,"49,975",0,0,0,0,"49,975",132,0,0,0,0,132,0,0,0,0,0,0,0,0,0,0,0,0,0,0,0,0,0,0
North America,VGB,British Virgin Islands,SIS,1,0,0,0,0,1,"13,310",0,0,0,0,"13,310",54,0,0,0,0,54,1,0,0,0,0,1,"5,598",0,0,0,0,"5,598",23,0,0,0,0,23
North America,VIR,United States Virgin Islands,SIS,2,0,0,0,0,2,"104,166",0,0,0,0,"104,166",287,0,0,0,0,287,2,0,0,0,0,2,"24,263",0,0,0,0,"24,263",89,0,0,0,0,89
Oceania,ASM,American Samoa,SIS,1,0,0,0,0,1,"59,680",0,0,0,0,"59,680",122,0,0,0,0,122,1,0,0,0,0,1,"3,534",0,0,0,0,"3,534",8,0,0,0,0,8
Oceania,AUS,Australia,Australia and New Zealand ,134,8,1,5,0,148,"3,122,332","1,483,839","720,961","11,332,321",0,"16,659,453","18,202","3,753","1,648","12,909",0,"36,512",57,6,1,5,0,69,"498,342","278,076","184,534","1,124,639",0,"2,085,591","2,300",707,428,"1,200",0,"4,635"
Oceania,COK,Cook Islands,SIS,1,0,0,0,0,1,"9,697",0,0,0,0,"9,697",56,0,0,0,0,56,1,0,0,0,0,1,"4,001",0,0,0,0,"4,001",23,0,0,0,0,23
Oceania,FJI,Fiji,SIS,5,2,0,0,0,7,"57,665","322,530",0,0,0,"380,195",569,"1,268",0,0,0,"1,837",5,2,0,0,0,7,"8,802","82,080",0,0,0,"90,882",61,235,0,0,0,296
Oceania,FSM,Federated State of Micronesia,SIS,0,0,0,0,0,0,0,0,0,0,0,0,0,0,0,0,0,0,0,0,0,0,0,0,0,0,0,0,0,0,0,0,0,0,0,0
Oceania,GUM,Guam,SIS,0,1,0,0,0,1,0,"150,463",0,0,0,"150,463",0,518,0,0,0,518,0,1,0,0,0,1,0,"10,395",0,0,0,"10,395",0,31,0,0,0,31
Oceania,KIR,Kiribati,SIS,2,0,0,0,0,2,"10,711",0,0,0,0,"10,711",0,0,0,0,0,0,2,0,0,0,0,2,"10,711",0,0,0,0,"10,711",0,0,0,0,0,0
Oceania,MHL,Marshall Islands,SIS,1,0,0,0,0,1,"16,264",0,0,0,0,"16,264",4,0,0,0,0,4,1,0,0,0,0,1,"16,264",0,0,0,0,"16,264",4,0,0,0,0,4
Oceania,MNP,Northern Mariana Islands,SIS,1,0,0,0,0,1,"58,571",0,0,0,0,"58,571",108,0,0,0,0,108,1,0,0,0,0,1,"27,345",0,0,0,0,"27,345",17,0,0,0,0,17
Oceania,NCL,New Caledonia,SIS,0,1,0,0,0,1,0,"123,174",0,0,0,"123,174",0,209,0,0,0,209,0,1,0,0,0,1,0,"40,237",0,0,0,"40,237",0,42,0,0,0,42
Oceania,NFK,Norfolk Islands,SIS,0,0,0,0,0,0,0,0,0,0,0,0,0,0,0,0,0,0,0,0,0,0,0,0,0,0,0,0,0,0,0,0,0,0,0,0
Oceania,NIU,Niue,SIS,0,0,0,0,0,0,0,0,0,0,0,0,0,0,0,0,0,0,0,0,0,0,0,0,0,0,0,0,0,0,0,0,0,0,0,0
Oceania,NRU,Nauru,SIS,1,0,0,0,0,1,"10,411",0,0,0,0,"10,411",16,0,0,0,0,16,1,0,0,0,0,1,"3,704",0,0,0,0,"3,704",6,0,0,0,0,6
Oceania,NZL,New Zealand,Australia and New Zealand ,40,5,0,1,0,46,"914,510","1,057,654",0,"1,028,644",0,"3,000,808","4,560","2,585",0,944,0,"8,090",20,4,0,1,0,25,"155,150","221,579",0,"86,111",0,"462,840",525,406,0,62,0,992
Oceania,PCN,Pitcairn,SIS,0,0,0,0,0,0,0,0,0,0,0,0,0,0,0,0,0,0,0,0,0,0,0,0,0,0,0,0,0,0,0,0,0,0,0,0
Oceania,PLW,Palau,SIS,1,0,0,0,0,1,"11,111",0,0,0,0,"11,111",12,0,0,0,0,12,1,0,0,0,0,1,"7,199",0,0,0,0,"7,199",8,0,0,0,0,8
Oceania,PNG,Papua New Guinea,Asia,19,1,0,0,0,20,"443,011","290,743",0,0,0,"733,754",797,397,0,0,0,"1,194",8,1,0,0,0,9,"40,939","6,494",0,0,0,"47,433",82,9,0,0,0,91
Oceania,PYF,French Polynesia,SIS,2,0,0,0,0,2,"70,943",0,0,0,0,"70,943",234,0,0,0,0,234,2,0,0,0,0,2,"9,158",0,0,0,0,"9,158",30,0,0,0,0,30
Oceania,SLB,Solomon Islands,SIS,1,0,0,0,0,1,"74,954",0,0,0,0,"74,954",74,0,0,0,0,74,1,0,0,0,0,1,"35,430",0,0,0,0,"35,430",34,0,0,0,0,34
Oceania,TKL,Tokelau,SIS,0,0,0,0,0,0,0,0,0,0,0,0,0,0,0,0,0,0,0,0,0,0,0,0,0,0,0,0,0,0,0,0,0,0,0,0
Oceania,TON,Tonga,SIS,1,0,0,0,0,1,"52,269",0,0,0,0,"52,269",183,0,0,0,0,183,1,0,0,0,0,1,"24,624",0,0,0,0,"24,624",86,0,0,0,0,86
Oceania,TUV,Tuvalu,SIS,0,0,0,0,0,0,0,0,0,0,0,0,0,0,0,0,0,0,0,0,0,0,0,0,0,0,0,0,0,0,0,0,0,0,0,0
Oceania,VUT,Vanuatu,SIS,2,0,0,0,0,2,"40,483",0,0,0,0,"40,483",83,0,0,0,0,83,0,0,0,0,0,0,0,0,0,0,0,0,0,0,0,0,0,0
Oceania,WLF,Wallis and Futuna,SIS,0,0,0,0,0,0,0,0,0,0,0,0,0,0,0,0,0,0,0,0,0,0,0,0,0,0,0,0,0,0,0,0,0,0,0,0
Oceania,WSM,Western Samoa,SIS,1,0,0,0,0,1,"33,144",0,0,0,0,"33,144",82,0,0,0,0,82,1,0,0,0,0,1,"27,758",0,0,0,0,"27,758",23,0,0,0,0,23
South America,ARG,Argentina,Latin America,442,14,6,2,1,465,"7,866,952","2,912,405","4,197,554","2,637,277","13,059,690","30,673,878","38,818","5,182","5,463","2,949","5,235","57,648",35,2,2,0,1,40,"425,678","174,644","108,637",0,"3,006,099","3,715,058","1,955",483,503,0,"1,109","4,049"
South America,BOL,Bolivia,Latin America,60,4,1,2,0,67,"1,095,997","646,322","843,583","2,438,126",0,"5,024,028","3,518",713,634,"1,310",0,"6,175",0,0,0,0,0,0,0,0,0,0,0,0,0,0,0,0,0,0
South America,BRA,Brazil,Latin America,"2,027",80,8,16,2,"2,133","38,437,484","16,545,663","5,829,423","33,010,140","30,011,205","123,833,915","123,521","24,466","5,954","24,376","10,159","188,477",176,16,4,10,1,207,"1,598,391","1,378,853","1,075,323","4,070,652","1,970,599","10,093,818","4,846","2,058",928,"2,305",610,"10,747"
South America,CHL,Chile,Latin America,21,16,1,1,1,40,"815,833","2,981,235","902,422","1,046,621","5,819,119","11,565,230","1,851","5,021",925,"1,093","2,205","11,094",5,6,1,1,0,13,"30,034","48,865","108,279","72,337",0,"259,515",38,55,74,30,0,197
South America,COL,Colombia,Latin America,328,17,3,4,1,353,"6,383,561","4,138,367","2,283,045","10,034,235","7,338,309","30,177,517","16,616","7,425","1,624","7,497","2,865","36,028",26,3,1,1,0,31,"409,018","187,980","298,837","258,097",0,"1,153,932",832,456,149,503,0,"1,940"
South America,ECU,Ecuador,Latin America,25,13,0,2,0,40,"839,180","2,735,486",0,"4,069,132",0,"7,643,798","2,853","4,263",0,"2,883",0,"9,999",7,5,0,1,0,13,"147,058","343,533",0,"767,397",0,"1,257,988",243,385,0,751,0,"1,378"
South America,FLK,Falkland Islands,SIS,0,0,0,0,0,0,0,0,0,0,0,0,0,0,0,0,0,0,0,0,0,0,0,0,0,0,0,0,0,0,0,0,0,0,0,0
South America,GUF,French Guiana,Latin America,4,0,0,0,0,4,"99,353",0,0,0,0,"99,353",376,0,0,0,0,376,3,0,0,0,0,3,"25,167",0,0,0,0,"25,167",103,0,0,0,0,103
South America,GUY,Guyana,Latin America,5,1,0,0,0,6,"100,578","168,613",0,0,0,"269,191",345,274,0,0,0,620,4,1,0,0,0,5,"80,511","168,613",0,0,0,"249,124",169,274,0,0,0,443
South America,PER,Peru,Latin America,96,9,2,0,1,108,"1,864,986","1,856,555","1,290,463",0,"6,707,931","11,719,935","6,661","3,088","1,123",0,"2,029","12,901",11,3,1,0,1,16,"45,776","36,473","32,197",0,"109,385","223,831",204,72,34,0,94,404
South America,PRY,Paraguay,Latin America,15,2,0,1,0,18,"369,662","512,088",0,"2,120,722",0,"3,002,472","1,193",740,0,"1,661",0,"3,594",0,0,0,0,0,0,0,0,0,0,0,0,0,0,0,0,0,0
South America,SUR,Suriname,Latin America,1,1,0,0,0,2,"5,059","290,919",0,0,0,"295,978",178,429,0,0,0,607,1,1,0,0,0,2,"3,840","286,665",0,0,0,"290,505",94,409,0,0,0,502
South America,URY,Uruguay,Latin America,61,0,0,1,0,62,"1,075,380",0,0,"1,712,684",0,"2,788,064","4,146",0,0,"1,471",0,"5,617",16,0,0,1,0,17,"111,247",0,0,"201,928",0,"313,175",425,0,0,205,0,630
South America,VEN,Venezuela,Latin America,151,19,4,2,1,177,"3,592,052","4,604,865","2,803,051","3,809,434","6,097,075","20,906,477","13,830","12,096","4,381","3,733","6,241","40,282",31,7,3,1,1,43,"413,743","347,255","280,735","349,784","11,688","1,403,205","1,496",788,530,215,24,"3,054"