CONTINENT	ISO3V10	Country	ProjectRegion	G90PU_ctry	G90PR_ctry	G90PT_ctry	G95PU_ctry	G95PR_ctry	G95PT_ctry	G00PU_ctry	G00PR_ctry	G00PT_ctry	GKMU_ctry	GKMR_ctry	GKMT_ctry	G90PU_lecz	G90PR_lecz	G90PT_lecz	G95PU_lecz	G95PR_lecz	G95PT_lecz	G00PU_lecz	G00PR_lecz	G00PT_lecz	GKMU_lecz	GKMR_lecz	GKMT_lecz	UNRegion	UNSDCode	IPPCRegions	OECD	LDC	GDPCapPPP2004	IncomeClass2000WB	GDP2000WB	Landlocked
Africa	AGO	Angola	Africa	2,307,546	8,224,526	10,532,072	2,847,665	9,431,993	12,279,658	3,312,075	10,528,520	13,840,595	970	1,249,992	1,250,962	321,747	175,917	497,664	402,937	220,438	623,375	472,272	258,452	730,724	141	3,391	3,533	Middle Africa	24	Africa	0	1	2136	Low Income	11380	0
Africa	BDI	Burundi	Africa	449,772	5,220,402	5,670,174	533,299	5,625,687	6,158,985	604,160	5,881,835	6,485,995	531	24,546	25,077	0	0	0	0	0	0	0	0	0	0	0	0	Eastern Africa	108	Africa	0	1	625	Low Income	719	1
Africa	BEN	Benin	Africa	2,006,632	3,171,559	5,178,191	2,357,556	3,843,022	6,200,578	2,569,263	4,627,616	7,196,879	1,342	114,370	115,713	818,876	256,806	1,075,682	977,440	313,825	1,291,265	1,123,378	384,473	1,507,851	200	1,691	1,891	Western Africa	204	Africa	0	1	1043	Low Income	2690	0
Africa	BFA	Burkina Faso	Africa	1,691,001	6,840,702	8,531,703	2,012,708	7,818,876	9,831,583	2,369,927	8,921,420	11,291,347	2,839	272,566	275,405	0	0	0	0	0	0	0	0	0	0	0	0	Western Africa	854	Africa	0	1	1126	Low Income	2839	1
Africa	BWA	Botswana	Africa	639,471	774,201	1,413,672	653,732	945,432	1,599,164	662,985	1,073,389	1,736,373	1,947	559,418	561,365	0	0	0	0	0	0	0	0	0	0	0	0	Southern Africa	72	Africa	0	0	8577	Upper Middle Income	5188	1
Africa	CAF	Central African Republic	Africa	879,856	2,119,681	2,999,537	961,257	2,453,067	3,414,324	1,030,911	2,746,418	3,777,328	1,188	620,947	622,136	0	0	0	0	0	0	0	0	0	0	0	0	Middle Africa	140	Africa	0	1	1042	Low Income	1075	1
Africa	CIV	Ivory Coast	Africa	4,891,786	7,765,373	12,657,159	5,197,833	9,557,281	14,755,114	5,358,540	11,376,216	16,734,756	3,281	315,698	318,979	766,741	83,353	850,094	861,017	104,210	965,228	934,513	125,959	1,060,472	236	868	1,104	Western Africa	384	Africa	0	0	1360	Low Income	11717	0
Africa	CMR	Cameroon	Africa	4,201,503	7,449,483	11,650,985	5,144,198	8,157,923	13,302,121	6,063,986	8,792,160	14,856,146	3,815	459,771	463,586	251,093	56,655	307,749	306,588	61,437	368,025	364,061	65,940	430,001	104	765	869	Middle Africa	120	Africa	0	0	1982	Low Income	9060	0
Africa	COD	Congo, Democratic Republic	Africa	8,226,292	29,536,050	37,762,342	9,121,231	35,875,560	44,996,791	9,681,261	40,369,300	50,050,561	6,274	2,284,550	2,290,824	6,912	4,531	11,443	6,910	8,345	15,254	6,764	11,725	18,489	66	527	593	Middle Africa	180	Africa	0	1	650	Low Income	5704	0
Africa	COG	Congo	Africa	1,653,884	829,674	2,483,559	2,023,966	891,497	2,915,463	2,466,719	970,937	3,437,656	1,035	338,989	340,024	60,225	9,534	69,758	73,838	10,266	84,104	90,255	11,165	101,420	28	150	178	Middle Africa	178	Africa	0	0	917	Low Income	3014	0
Africa	COM	Comoros	SIS	95,826	341,107	436,933	113,910	376,029	489,939	134,250	411,875	546,125	96	1,578	1,674	21,338	38,736	60,074	25,520	43,166	68,686	30,245	47,789	78,035	20	154	174	Eastern Africa	174	SIS	0	1	1715	Low Income	256	0
Africa	CPV	Cape Verde	SIS	135,681	219,611	355,292	163,833	237,263	401,096	196,331	254,251	450,582	165	3,907	4,072	15,222	27,177	42,399	19,329	29,803	49,132	24,378	32,774	57,153	22	421	443	Western Africa	132	SIS	0	1	5289	Lower Middle Income	631	0
Africa	DJI	Djibouti	Africa	409,136	147,629	556,765	452,192	155,238	607,430	528,371	184,760	713,130	151	21,082	21,233	210,659	10,741	221,399	234,524	11,888	246,411	274,199	15,177	289,376	51	344	396	Eastern Africa	262	Africa	0	1	1948	Lower Middle Income	597	0
Africa	DZA	Algeria	Africa	12,611,715	12,174,705	24,786,420	15,156,734	12,498,104	27,654,838	16,901,670	13,389,599	30,291,269	19,921	2,282,576	2,302,498	737,965	188,424	926,388	886,885	193,429	1,080,313	991,576	209,019	1,200,596	703	1,614	2,316	Northern Africa	12	Africa	0	0	6022	Lower Middle Income	55666	0
Africa	EGY	Egypt	Africa	39,436,168	16,233,660	55,669,828	43,123,432	18,097,046	61,220,478	47,155,848	20,124,712	67,280,560	22,689	947,766	970,455	9,553,055	11,651,076	21,204,131	10,364,352	12,985,312	23,349,664	11,261,582	14,433,446	25,695,028	4,966	19,468	24,434	Northern Africa	818	Africa	0	0	3797	Lower Middle Income	89845	0
Africa	ERI	Eritrea	Africa	440,791	2,596,464	3,037,256	443,645	2,652,751	3,096,396	571,335	2,984,204	3,555,539	317	121,591	121,908	13,359	37,243	50,602	13,613	37,950	51,564	15,703	43,537	59,240	26	3,351	3,377	Eastern Africa	232	Africa	0	1	990	Low Income	582	0
Africa	ETH	Ethiopia	Africa	4,782,634	42,462,570	47,245,204	6,192,605	49,191,668	55,384,273	7,425,446	55,481,880	62,907,326	4,228	1,119,487	1,123,714	0	0	0	0	0	0	0	0	0	0	0	0	Eastern Africa	231	Africa	0	1	753	Low Income	5989	1
Africa	GAB	Gabon	Africa	576,705	380,589	957,294	694,905	423,755	1,118,660	801,164	470,846	1,272,010	736	261,829	262,565	49,585	77,773	127,358	58,667	98,029	156,696	66,823	111,930	178,753	63	1,911	1,974	Middle Africa	266	Africa	0	0	6217	Upper Middle Income	4971	0
Africa	GHA	Ghana	Africa	5,721,304	9,757,767	15,479,071	6,900,199	10,824,792	17,724,991	8,028,191	11,838,579	19,866,770	4,855	226,596	231,451	350,337	213,395	563,733	415,602	233,903	649,506	476,413	254,081	730,494	208	1,999	2,207	Western Africa	288	Africa	0	0	2143	Low Income	6021	0
Africa	GIN	Guinea	Africa	1,400,916	4,816,383	6,217,298	1,599,943	5,924,829	7,524,772	1,701,005	6,732,897	8,433,902	1,020	244,381	245,401	415,483	175,567	591,050	476,885	173,546	650,431	494,185	176,552	670,737	171	4,060	4,232	Western Africa	324	Africa	0	1	1996	Low Income	3174	0
Africa	GMB	Gambia	Africa	425,476	510,057	935,533	544,415	570,725	1,115,140	700,201	615,602	1,315,803	488	10,046	10,534	223,314	137,298	360,612	273,450	152,590	426,040	330,109	163,938	494,047	187	2,589	2,776	Western Africa	270	Africa	0	1	1862	Low Income	388	0
Africa	GNB	Guinea-Bissau	Africa	299,786	715,666	1,015,452	358,337	830,912	1,189,249	414,250	951,329	1,365,579	260	33,268	33,528	91,521	173,209	264,730	109,592	200,784	310,376	126,767	229,764	356,531	88	6,429	6,516	Western Africa	624	Africa	0	1	667	Low Income	216	0
Africa	GNQ	Equatorial Guinea	Africa	66,916	285,976	352,892	74,927	323,159	398,086	49,745	399,081	448,826	200	26,688	26,888	19,203	13,407	32,610	21,568	15,345	36,913	14,244	14,378	28,621	23	208	231	Middle Africa	226	Africa	0	1	-9999	Low Income	2173	0
Africa	KEN	Kenya	Africa	3,688,337	19,738,644	23,426,981	4,439,602	22,782,984	27,222,586	5,192,692	25,493,348	30,686,040	3,469	576,674	580,143	35,810	172,898	208,708	42,179	203,660	245,839	48,094	232,233	280,327	12	2,388	2,401	Eastern Africa	404	Africa	0	0	984	Low Income	12140	0
Africa	LBR	Liberia	Africa	317,218	1,818,740	2,135,958	313,795	1,827,617	2,141,412	487,106	2,578,279	3,065,385	318	95,738	96,056	201,311	118,976	320,287	201,527	119,218	320,744	291,147	171,205	462,352	101	742	843	Western Africa	430	Africa	0	1	900	Low Income	564	0
Africa	LBY	Libyan Arab Jamahiriya	Africa	3,447,511	826,031	4,273,541	3,942,878	812,218	4,755,096	4,504,701	784,995	5,289,696	9,265	1,602,099	1,611,363	587,006	45,936	632,942	671,352	45,168	716,520	776,467	46,580	823,046	2,086	9,482	11,568	Northern Africa	434	Africa	0	0	-9999	Upper Middle Income	-9999	0
Africa	LSO	Lesotho	Africa	186,512	1,398,170	1,584,682	198,230	1,485,860	1,684,090	196,494	1,582,675	1,779,168	556	29,874	30,431	0	0	0	0	0	0	0	0	0	0	0	0	Southern Africa	426	Africa	0	1	2403	Low Income	730	1
Africa	MAR	Morocco (includes Western Sahara)	Africa	12,277,542	12,573,641	24,851,183	14,405,543	12,806,952	27,212,495	16,557,011	13,321,297	29,878,308	10,658	658,501	669,159	1,560,349	324,022	1,884,371	1,830,796	330,035	2,160,831	2,055,410	345,513	2,400,923	777	5,647	6,423	Northern Africa	504	Africa	0	0	3850	Lower Middle Income	37263	0
Africa	MDG	Madagascar	Africa	2,130,840	9,852,018	11,982,857	2,668,897	11,119,390	13,788,287	3,089,848	12,879,779	15,969,627	1,739	591,227	592,965	230,539	423,613	654,151	288,752	478,107	766,859	331,625	549,964	881,589	230	15,999	16,229	Eastern Africa	450	Africa	0	1	787	Low Income	4514	0
Africa	MLI	Mali	Africa	1,914,691	6,970,071	8,884,762	2,270,312	7,867,241	10,137,553	2,937,336	8,698,977	11,636,313	2,872	1,242,570	1,245,442	0	0	0	0	0	0	0	0	0	0	0	0	Western Africa	466	Africa	0	1	953	Low Income	3163	1
Africa	MOZ	Mozambique	Africa	2,628,024	10,800,609	13,428,633	3,619,199	12,233,643	15,852,842	4,457,073	13,452,445	17,909,518	2,501	770,303	772,804	629,016	963,469	1,592,485	817,792	1,065,479	1,883,270	980,193	1,131,545	2,111,738	428	24,016	24,443	Eastern Africa	508	Africa	0	1	1141	Low Income	3920	0
Africa	MRT	Mauritania	Africa	302,014	1,697,533	1,999,546	370,056	1,895,042	2,265,099	454,185	2,150,342	2,604,527	558	1,038,197	1,038,755	149,382	407,118	556,500	176,023	480,797	656,819	207,132	554,645	761,776	314	17,051	17,366	Western Africa	478	Africa	0	1	2074	Low Income	983	0
Africa	MUS	Mauritius	SIS	934,590	121,869	1,056,459	993,596	130,876	1,124,472	1,046,989	138,609	1,185,598	1,139	854	1,993	83,780	15,693	99,473	89,149	16,708	105,857	93,984	17,616	111,600	90	32	122	Eastern Africa	480	SIS	0	0	11054	Upper Middle Income	4532	0
Africa	MWI	Malawi	Africa	1,430,870	8,023,649	9,454,519	1,571,340	8,534,150	10,105,490	1,836,147	9,671,241	11,507,388	1,690	93,157	94,847	0	0	0	0	0	0	0	0	0	0	0	0	Eastern Africa	454	Africa	0	1	585	Low Income	1880	1
Africa	MYT	Mayotte	SIS	22,270	59,918	82,188	31,993	74,693	106,686	46,144	91,953	138,098	33	342	375	4,715	8,152	12,867	7,163	10,287	17,450	10,875	12,863	23,738	4	44	48	Eastern Africa	175	*SIS	0	0	-9999	Upper Middle Income	-9999	0
Africa	NAM	Namibia	Africa	368,614	1,022,260	1,390,873	474,054	1,169,556	1,643,610	587,086	1,298,396	1,885,482	1,627	819,180	820,807	23,673	4,929	28,602	31,875	6,196	38,071	41,380	7,510	48,890	75	2,648	2,723	Southern Africa	516	Africa	0	0	5980	Lower Middle Income	2793	0
Africa	NER	Niger	Africa	1,038,127	7,248,600	8,286,726	1,222,472	8,486,374	9,708,846	1,449,228	10,067,981	11,517,209	1,543	1,164,158	1,165,701	0	0	0	0	0	0	0	0	0	0	0	0	Western Africa	562	Africa	0	1	775	Low Income	2170	1
Africa	NGA	Nigeria	Africa	25,368,202	65,168,632	90,536,834	30,571,332	73,319,008	103,890,340	35,882,020	81,699,528	117,581,548	13,891	884,905	898,795	3,186,288	2,323,004	5,509,292	3,672,445	2,645,549	6,317,994	4,173,411	2,972,828	7,146,238	781	12,592	13,373	Western Africa	566	Africa	0	0	1030	Low Income	43540	0
Africa	REU	Reunion	Africa	221,301	382,680	603,980	244,811	419,071	663,882	268,600	455,829	724,428	386	2,162	2,548	45,841	54,033	99,874	50,736	59,608	110,344	55,691	65,220	120,911	83	122	205	Eastern Africa	638	Africa	0	0	-9999	-9999	-9999	0
Africa	RWA	Rwanda	Africa	397,072	6,698,916	7,095,987	325,748	5,113,218	5,438,966	542,456	7,481,946	8,024,401	226	23,706	23,932	0	0	0	0	0	0	0	0	0	0	0	0	Eastern Africa	646	Africa	0	1	1227	Low Income	1736	1
Africa	SDN	Sudan	Africa	5,885,880	20,124,812	26,010,692	7,457,428	21,833,118	29,290,546	9,154,092	23,681,928	32,836,020	5,226	2,486,868	2,492,093	20,952	103,512	124,465	27,487	124,440	151,927	35,552	145,977	181,529	29	3,240	3,269	Northern Africa	736	Africa	0	1	1869	Low Income	13490	0
Africa	SEN	Senegal	Africa	3,026,459	4,907,985	7,934,444	3,791,337	5,281,365	9,072,702	4,434,419	5,854,354	10,288,773	1,561	193,910	195,472	1,590,311	747,028	2,337,338	2,030,360	804,267	2,834,627	2,353,021	885,787	3,238,809	539	14,030	14,569	Western Africa	686	Africa	0	1	1615	Low Income	4940	0
Africa	SHN	Saint Helena	SIS	-9,999	-9,999	-9,999	-9,999	-9,999	-9,999	-9,999	-9,999	-9,999	-9,999	-9,999	-9,999	-9,999	-9,999	-9,999	-9,999	-9,999	-9,999	-9,999	-9,999	-9,999	-9,999	-9,999	-9,999	Western Africa	654	*SIS/Africa	0	0	-9999	-9999	-9999	0
Africa	SLE	Sierra Leone	Africa	1,074,773	3,003,487	4,078,260	1,107,416	3,029,161	4,136,577	1,262,886	3,245,914	4,508,800	763	71,323	72,086	135,653	245,493	381,146	140,029	256,808	396,837	162,021	274,401	436,422	64	4,587	4,651	Western Africa	694	Africa	0	1	754	Low Income	789	0
Africa	SOM	Somalia	Africa	521,460	6,147,279	6,668,739	532,804	5,774,505	6,307,309	679,741	6,327,893	7,007,633	265	634,627	634,892	70,643	168,869	239,512	73,389	189,196	262,585	98,913	249,965	348,878	25	6,332	6,357	Eastern Africa	706	Africa	0	1	600	Low Income	-9999	0
Africa	STP	Sao Tome and Principe	SIS	55,148	61,565	116,713	65,947	61,555	127,502	78,596	61,076	139,672	45	963	1,008	19,599	7,215	26,813	23,437	7,788	31,225	27,934	8,437	36,371	16	68	85	Middle Africa	678	SIS	0	1	-9999	Low Income	50	0
Africa	SWZ	Swaziland	Africa	119,027	744,862	863,890	127,972	823,399	951,370	134,399	886,791	1,021,190	815	16,535	17,350	0	0	0	0	0	0	0	0	0	0	0	0	Southern Africa	748	Africa	0	0	4589	Lower Middle Income	1177	1
Africa	SYC	Seychelles	SIS	49,671	22,380	72,051	51,920	23,394	75,314	53,210	23,977	77,187	114	82	196	6,402	6,153	12,555	6,691	6,432	13,123	6,858	6,592	13,450	15	24	39	Eastern Africa	690	SIS	0	0	15123	Upper Middle Income	630	0
Africa	TCD	Chad	Africa	821,075	5,206,060	6,027,135	1,006,443	5,994,573	7,001,015	1,245,345	6,931,139	8,176,484	1,056	1,247,750	1,248,805	0	0	0	0	0	0	0	0	0	0	0	0	Middle Africa	148	Africa	0	1	2120	Low Income	1935	1
Africa	TGO	Togo	Africa	1,855,416	2,105,819	3,961,235	2,272,763	2,239,360	4,512,123	2,873,036	2,490,679	5,363,715	1,413	55,796	57,209	409,779	43,179	452,958	486,834	40,041	526,875	601,657	37,149	638,807	179	346	525	Western Africa	768	Africa	0	1	1592	Low Income	1384	0
Africa	TUN	Tunisia	Africa	4,535,799	3,614,003	8,149,802	4,936,218	3,961,505	8,897,723	5,307,640	4,171,309	9,478,949	8,935	139,845	148,780	1,016,686	167,101	1,183,787	1,102,567	194,594	1,297,161	1,181,789	217,916	1,399,704	1,575	3,339	4,914	Northern Africa	788	Africa	0	0	7072	Lower Middle Income	21169	0
Africa	TZA	United Rep. of Tanzania	Africa	4,329,150	21,902,038	26,231,188	5,694,891	25,234,484	30,929,375	6,731,317	28,031,230	34,762,547	3,156	886,267	889,424	245,794	320,285	566,079	323,512	363,702	687,213	382,493	400,418	782,912	104	2,941	3,045	Eastern Africa	834	Africa	0	1	612	Low Income	9383	0
Africa	UGA	Uganda	Africa	1,763,620	15,981,221	17,744,841	2,149,647	18,726,192	20,875,839	2,585,689	21,702,648	24,288,337	1,368	205,007	206,375	0	0	0	0	0	0	0	0	0	0	0	0	Eastern Africa	800	Africa	0	1	1440	Low Income	5866	1
Africa	ZAF	South Africa	Africa	21,043,788	15,792,146	36,835,934	24,140,592	17,712,460	41,853,052	26,603,484	18,965,752	45,569,236	41,800	1,174,906	1,216,706	418,554	38,294	456,848	426,118	47,620	473,737	421,042	56,620	477,661	288	1,431	1,719	Southern Africa	710	Africa	0	0	10357	Lower Middle Income	104235	0
Africa	ZMB	Zambia	Africa	2,956,387	5,420,173	8,376,560	3,342,747	6,216,572	9,559,319	3,637,810	7,064,198	10,702,008	4,031	736,711	740,742	0	0	0	0	0	0	0	0	0	0	0	0	Eastern Africa	894	Africa	0	1	852	Low Income	3683	1
Africa	ZWE	Zimbabwe	Africa	3,022,550	7,542,250	10,564,799	3,612,698	8,206,842	11,819,540	4,018,319	8,576,693	12,595,012	4,611	383,594	388,205	0	0	0	0	0	0	0	0	0	0	0	0	Eastern Africa	716	Africa	0	0	1900	Low Income	8304	1
Asia	AFG	Afghanistan	Asia	2,704,639	10,969,583	13,674,222	3,713,874	15,358,504	19,072,378	4,319,906	17,444,212	21,764,118	1,805	633,102	634,907	0	0	0	0	0	0	0	0	0	0	0	0	South-central Asia	4	Asia	0	1	800	Low Income	-9999	1
Asia	ARE	United Arab Emirates	Asia	1,618,774	395,406	2,014,180	1,954,539	397,637	2,352,176	2,148,313	457,596	2,605,909	7,294	67,573	74,867	398,324	21,917	420,241	481,734	22,764	504,498	538,318	25,638	563,956	1,663	2,861	4,524	Western Asia	784	Asia	0	0	25200	High Income	-9999	0
Asia	ARM	Armenia	Europe	2,416,570	1,128,097	3,544,668	2,571,384	1,188,536	3,759,920	2,701,200	1,085,769	3,786,969	1,489	26,869	28,358	0	0	0	0	0	0	0	0	0	0	0	0	Western Asia	51	Europe	0	0	3907	Low Income	2367	1
Asia	AZE	Azerbaijan	Europe	3,874,168	3,300,888	7,175,056	4,016,841	3,667,876	7,684,717	4,244,780	3,796,335	8,041,115	5,760	79,127	84,887	0	0	0	0	0	0	0	0	0	0	0	0	Western Asia	31	Europe	0	0	3864	Low Income	6090	1
Asia	BGD	Bangladesh	Asia	23,096,940	86,927,536	110,024,476	26,865,004	96,746,704	123,611,708	30,691,712	106,540,536	137,232,248	9,853	126,452	136,305	11,685,815	38,882,412	50,568,227	13,575,543	43,045,040	56,620,583	15,428,668	47,095,380	62,524,048	4,522	49,938	54,461	South-central Asia	50	Asia	0	1	1735	Low Income	47328	0
Asia	BHR	Bahrain	Asia	452,689	37,257	489,946	530,677	42,038	572,715	594,510	45,236	639,746	516	107	623	362,796	37,152	399,948	414,185	41,917	456,102	450,169	45,102	495,270	244	81	325	Western Asia	48	Asia	0	0	-9999	High Income	-9999	0
Asia	BRN	Brunei Darussalam	Asia	169,221	87,775	256,996	199,355	95,053	294,408	222,328	105,970	328,298	1,058	4,843	5,901	19,290	4,712	24,002	22,386	5,502	27,888	24,965	6,138	31,103	256	65	321	South-eastern Asia	96	Asia	0	0	-9999	High Income	-9999	0
Asia	BTN	Bhutan	Asia	82,688	1,613,773	1,696,461	101,465	1,729,774	1,831,239	148,428	1,936,688	2,085,116	192	37,848	38,040	0	0	0	0	0	0	0	0	0	0	0	0	South-central Asia	64	Asia	0	1	-9999	Low Income	594	1
Asia	CHN	China	Asia	336,576,992	802,098,880	1,138,675,872	375,045,568	829,885,056	1,204,930,624	423,730,208	838,603,520	1,262,333,728	247,469	8,950,600	9,198,069	56,058,904	63,043,920	119,102,824	65,627,816	65,107,992	130,735,808	78,277,824	65,601,776	143,879,600	33,243	148,797	182,041	Eastern Asia	156	Asia	0	0	5085	Lower Middle Income	1237145	0
Asia	CYP	Cyprus	SIS	576,253	93,376	669,629	632,624	98,964	731,588	670,271	100,515	770,786	2,172	7,075	9,247	46,786	7,880	54,666	51,096	8,701	59,798	54,211	8,732	62,943	177	367	544	Western Asia	196	SIS	0	0	21193	High Income	-9999	0
Asia	GEO	Georgia	Europe	3,106,210	2,353,700	5,459,909	3,140,445	2,211,637	5,352,081	3,063,351	2,198,600	5,261,951	3,242	65,995	69,236	232,685	90,242	322,928	232,557	87,706	320,264	230,982	97,414	328,396	159	1,394	1,553	Western Asia	268	Europe	0	0	2756	Low Income	3324	0
Asia	HKG	Hong Kong	Asia	4,976,096	728,379	5,704,474	5,417,395	792,269	6,209,664	5,744,131	1,115,670	6,859,801	728	325	1,054	660,850	471,948	1,132,798	739,455	500,842	1,240,297	811,925	681,917	1,493,842	104	107	210	Eastern Asia	344	Asia	0	0	28485	High Income	161532	0
Asia	IDN	Indonesia	Asia	70,431,840	112,021,288	182,453,128	76,031,592	121,562,288	197,593,880	81,381,744	130,686,096	212,067,840	30,958	1,867,719	1,898,677	20,105,024	15,982,264	36,087,288	21,464,862	17,453,100	38,917,962	22,720,666	18,889,088	41,609,754	8,176	168,924	177,100	South-eastern Asia	360	Asia	0	0	3316	Low Income	172911	0
Asia	IND	India	Asia	246,256,096	598,161,920	844,418,016	273,272,256	653,133,952	926,406,208	301,205,728	706,668,480	1,007,874,208	192,899	3,021,009	3,213,908	27,111,978	27,854,224	54,966,202	29,335,158	29,858,890	59,194,048	31,515,286	31,672,922	63,188,208	11,441	70,364	81,805	South-central Asia	356	Asia	0	0	2883	Low Income	515012	0
Asia	IRN	Iran	Asia	31,683,908	26,510,018	58,193,926	36,064,444	28,285,452	64,349,896	39,916,064	30,100,658	70,016,722	56,475	1,533,867	1,590,342	556,829	526,126	1,082,954	647,278	626,124	1,273,401	723,556	752,772	1,476,329	1,415	24,529	25,944	South-central Asia	364	Asia	0	0	6983	Lower Middle Income	107522	0
Asia	IRQ	Iraq	Asia	11,523,357	5,747,345	17,270,702	13,450,910	6,597,643	20,048,553	15,616,975	7,329,239	22,946,214	9,376	421,199	430,575	1,212,876	819,091	2,031,967	1,397,820	917,884	2,315,703	1,638,975	1,021,727	2,660,702	1,761	32,778	34,540	Western Asia	368	Asia	0	0	2100	Lower Middle Income	-9999	0
Asia	ISR	Israel	Asia	3,744,580	769,078	4,513,658	4,585,320	763,958	5,349,278	4,985,749	1,054,639	6,040,388	5,787	16,092	21,878	248,693	19,553	268,246	280,565	22,350	302,915	300,676	24,224	324,900	219	23	242	Western Asia	376	Asia	0	0	22288	High Income	-9999	0
Asia	JOR	Jordan	Asia	2,441,054	812,884	3,253,937	3,219,340	1,029,657	4,248,997	3,753,756	1,159,284	4,913,040	2,842	84,578	87,420	435	314	749	718	514	1,232	831	594	1,425	2	4	6	Western Asia	400	Asia	0	0	4231	Lower Middle Income	9296	0
Asia	JPN	Japan	Asia	108,599,120	14,448,493	123,047,613	110,942,672	14,037,752	124,980,424	113,079,544	13,498,527	126,578,071	98,988	273,646	372,634	28,184,744	1,498,857	29,683,601	28,631,704	1,479,347	30,111,051	29,022,184	1,454,922	30,477,106	17,323	9,479	26,802	Eastern Asia	392	Asia	1	0	27338	High Income	3978782	0
Asia	KAZ	Kazakhstan	Asia	9,090,956	7,649,220	16,740,176	9,018,821	7,590,560	16,609,381	8,781,633	7,389,056	16,170,689	11,258	2,637,630	2,648,888	0	0	0	0	0	0	0	0	0	0	0	0	South-central Asia	0	Asia	0	0	6936	Lower Middle Income	24205	1
Asia	KGZ	Kyrgyz Republic	Asia	1,563,227	2,830,221	4,393,447	1,613,596	2,947,791	4,561,387	1,547,700	3,372,556	4,920,256	2,921	182,223	185,144	0	0	0	0	0	0	0	0	0	0	0	0	South-central Asia	417	Asia	0	0	1785	Low Income	1632	1
Asia	KHM	Cambodia	Asia	1,172,825	8,442,851	9,615,676	1,515,030	9,859,402	11,374,432	1,879,902	11,201,806	13,081,708	641	178,864	179,505	183,513	2,369,587	2,553,100	231,179	2,629,470	2,860,650	281,944	2,840,872	3,122,815	137	13,171	13,308	South-eastern Asia	116	Asia	0	1	2164	Low Income	3677	0
Asia	KOR	Korea	Asia	33,115,262	9,753,586	42,868,848	35,806,308	9,145,507	44,951,815	38,372,540	8,367,204	46,739,744	18,529	80,448	98,977	1,740,561	985,628	2,726,189	1,874,688	921,668	2,796,356	2,034,832	843,622	2,878,453	1,369	3,590	4,959	Eastern Asia	410	Asia	1	0	18853	High Income	476690	0
Asia	KWT	Kuwait	Asia	1,834,286	308,693	2,142,979	1,435,356	255,437	1,690,794	1,610,938	303,442	1,914,381	3,488	13,296	16,784	181,084	306,628	487,712	142,618	253,818	396,436	160,960	301,619	462,580	390	966	1,356	Western Asia	414	Asia	0	0	-9999	High Income	-9999	0
Asia	LAO	Lao People's Democratic Republic	Asia	631,889	3,500,447	4,132,336	748,887	3,937,005	4,685,893	889,893	4,388,593	5,278,486	1,058	229,172	230,230	0	0	0	0	0	0	0	0	0	0	0	0	South-eastern Asia	418	Asia	0	1	1791	Low Income	1680	1
Asia	LBN	Lebanon	Asia	2,271,932	441,504	2,713,436	2,673,221	495,345	3,168,566	2,957,862	538,594	3,496,456	2,009	8,318	10,328	320,938	48,868	369,806	377,760	56,803	434,562	418,036	62,577	480,613	92	74	166	Western Asia	422	Asia	0	0	4923	Upper Middle Income	17294	0
Asia	LKA	Sri Lanka	Asia	3,616,284	13,402,773	17,019,057	3,916,436	14,122,166	18,038,602	4,223,072	14,699,016	18,922,088	3,302	62,528	65,830	811,391	1,452,098	2,263,489	885,537	1,348,180	2,233,717	961,977	1,269,120	2,231,097	744	4,692	5,436	South-central Asia	144	Asia	0	0	3862	Lower Middle Income	16373	0
Asia	MAC	Macao	Asia	303,035	69,118	372,153	339,069	77,338	416,407	335,085	109,226	444,311	8	11	19	147,604	61,019	208,624	165,156	68,276	233,432	163,216	100,752	263,967	4	8	12	Eastern Asia	446	*Asia/SIS	0	0	-9999	High Income	-9999	0
Asia	MDV	Maldives	SIS	4,880	210,752	215,632	5,609	244,603	250,212	6,421	284,502	290,923	3	186	189	4,880	210,752	215,632	5,609	244,603	250,212	6,421	284,502	290,923	3	186	189	South-central Asia	462	SIS	0	1	-9999	Lower Middle Income	618	0
Asia	MMR	Myanmar	Asia	10,380,567	30,136,420	40,516,987	11,451,490	32,899,682	44,351,172	12,456,011	35,292,600	47,748,611	4,483	664,827	669,310	3,770,656	6,708,532	10,479,188	4,161,991	7,283,722	11,445,712	4,512,823	7,796,499	12,309,322	1,087	47,516	48,603	South-eastern Asia	104	Asia	0	1	1700	-9999	-9999	0
Asia	MNG	Mongolia	Asia	1,161,546	1,054,512	2,216,059	1,336,711	1,076,407	2,413,118	1,452,056	1,081,221	2,533,277	1,150	1,545,145	1,546,294	0	0	0	0	0	0	0	0	0	0	0	0	Eastern Asia	496	Asia	0	0	1887	Low Income	1262	1
Asia	MYS	Malaysia	Asia	10,401,264	7,403,700	17,804,964	12,127,681	7,846,196	19,973,877	13,905,574	8,266,780	22,172,354	13,455	316,490	329,945	3,018,180	1,342,122	4,360,302	3,368,852	1,442,748	4,811,601	3,687,052	1,524,830	5,211,882	3,775	16,746	20,521	South-eastern Asia	458	Asia	0	0	9033	Upper Middle Income	95157	0
Asia	NPL	Nepal	Asia	1,611,473	16,530,927	18,142,400	2,097,773	18,341,650	20,439,423	2,718,889	20,323,742	23,042,631	2,526	136,562	139,087	0	0	0	0	0	0	0	0	0	0	0	0	South-central Asia	524	Asia	0	1	1375	Low Income	5493	1
Asia	OMN	Oman	Asia	1,137,533	646,879	1,784,412	1,564,894	588,721	2,153,615	1,901,163	636,930	2,538,094	5,084	299,107	304,191	261,572	22,226	283,798	351,803	27,065	378,868	431,417	32,123	463,540	1,143	3,048	4,191	Western Asia	512	Asia	0	0	13100	Upper Middle Income	20073	0
Asia	PAK	Pakistan	Asia	34,926,132	74,884,664	109,810,796	40,690,000	82,957,944	123,647,944	48,111,184	93,144,432	141,255,616	24,780	760,539	785,319	1,714,935	1,518,336	3,233,271	1,945,629	1,698,465	3,644,094	2,227,119	1,929,927	4,157,046	364	21,833	22,197	South-central Asia	586	Asia	0	0	2045	Low Income	60521	0
Asia	PHL	Philippines	Asia	19,364,624	41,399,204	60,763,828	22,218,406	45,812,696	68,031,102	24,867,986	50,421,660	75,289,646	8,201	287,208	295,408	5,857,057	5,236,312	11,093,369	6,486,456	5,855,270	12,341,726	6,807,578	6,521,613	13,329,191	1,872	20,807	22,679	South-eastern Asia	608	Asia	0	0	4218	Lower Middle Income	77076	0
Asia	PRK	Korea, Dem. People's Rep. of	Asia	4,892,862	15,063,405	19,956,267	5,391,639	15,981,342	21,372,981	5,727,809	16,540,415	22,268,224	1,077	121,363	122,440	739,306	1,255,466	1,994,772	822,002	1,337,234	2,159,236	889,655	1,385,151	2,274,807	242	4,449	4,692	Eastern Asia	408	Asia	0	0	-9999	Low Income	-9999	0
Asia	PSE	Occupied Palestinian Territory	Asia	1,747,052	407,366	2,154,418	2,214,018	420,504	2,634,522	2,664,245	526,644	3,190,889	1,981	4,025	6,006	90,509	11,643	102,152	112,758	14,496	127,253	139,095	17,870	156,965	40	5	45	Western Asia	275	*Asia	0	0	-9999	Lower Middle Income	3015	0
Asia	QAT	Qatar	Asia	396,394	56,786	453,180	454,605	57,310	511,915	513,732	51,697	565,429	1,549	9,424	10,973	137,365	24,105	161,470	150,768	24,251	175,019	165,321	21,862	187,182	375	2,147	2,523	Western Asia	634	Asia	0	0	-9999	High Income	-9999	0
Asia	SAU	Saudi Arabia	Asia	11,009,774	4,390,415	15,400,189	13,321,346	3,769,695	17,091,041	16,228,224	4,117,839	20,346,063	29,098	1,911,706	1,940,804	1,811,962	120,830	1,932,791	2,229,366	108,672	2,338,038	2,622,088	116,943	2,739,031	2,823	10,855	13,678	Western Asia	682	Asia	0	0	12977	Upper Middle Income	-9999	0
Asia	SGP	Singapore	Asia	2,944,463	71,911	3,016,374	3,393,105	82,867	3,475,972	3,922,319	95,790	4,018,109	512	85	597	412,925	39,206	452,131	475,841	45,178	521,020	550,057	52,223	602,281	62	45	107	South-eastern Asia	702	Asia	0	0	25240	High Income	86969	0
Asia	SYR	Syrian Arab Republic	Asia	6,032,058	6,353,954	12,386,011	7,101,507	7,119,825	14,221,331	8,301,475	7,887,323	16,188,798	8,587	175,779	184,366	59,910	15,847	75,757	69,245	18,157	87,402	79,389	20,622	100,011	42	57	99	Western Asia	760	Asia	0	0	3651	Lower Middle Income	21872	0
Asia	THA	Thailand	Asia	17,060,624	37,516,044	54,576,668	18,810,138	39,743,204	58,553,342	20,776,316	41,834,052	62,610,368	26,438	490,485	516,922	9,780,114	3,569,275	13,349,389	11,030,138	3,820,528	14,850,666	12,471,874	4,006,574	16,478,448	9,207	26,569	35,776	South-eastern Asia	764	Asia	0	0	7570	Lower Middle Income	126407	0
Asia	TJK	Tajikistan	Asia	1,552,788	3,750,241	5,303,029	1,644,747	4,096,085	5,740,832	1,745,045	4,341,811	6,086,855	3,506	126,789	130,295	0	0	0	0	0	0	0	0	0	0	0	0	South-central Asia	762	Asia	0	0	1104	Low Income	1208	1
Asia	TKM	Turkmenistan	Asia	1,550,153	2,117,779	3,667,932	1,803,720	2,406,192	4,209,913	2,010,483	2,726,711	4,737,194	5,592	454,815	460,407	0	0	0	0	0	0	0	0	0	0	0	0	South-central Asia	795	Asia	0	0	6498	Lower Middle Income	7672	1
Asia	TLS	East Timor	Asia	30,613	709,552	740,165	34,536	805,009	839,545	32,514	704,566	737,080	134	14,789	14,923	1,344	24,394	25,739	1,561	27,623	29,184	1,369	24,392	25,761	7	392	399	South-eastern Asia	626	*Asia/SIS	0	1	-9999	Low Income	388	0
Asia	TUR	Turkey	Asia	33,611,272	22,486,396	56,097,668	38,166,516	23,326,644	61,493,160	43,522,664	23,145,046	66,667,710	41,345	727,406	768,751	1,466,442	498,876	1,965,318	1,669,669	543,523	2,213,192	1,876,239	572,788	2,449,027	1,871	7,129	8,999	Western Asia	792	Asia	1	0	7135	Lower Middle Income	182848	0
Asia	TWN	Taiwan	Asia	13,283,113	6,515,631	19,798,744	13,692,452	6,972,574	20,665,026	14,113,644	7,524,740	21,638,384	12,214	24,009	36,223	2,825,073	737,142	3,562,214	2,924,875	731,786	3,656,661	3,022,216	735,654	3,757,869	2,604	760	3,364	-9999.0000	-9999	*Asia/SIS	0	0	25300	-9999	-9999	0
Asia	UZB	Uzbekistan	Asia	7,980,037	12,460,704	20,440,741	8,787,685	13,918,716	22,706,401	9,522,296	15,276,875	24,799,171	14,828	406,680	421,509	0	0	0	0	0	0	0	0	0	0	0	0	South-central Asia	860	Asia	0	0	1732	Low Income	9713	1
Asia	VNM	Viet Nam	Asia	14,168,492	51,905,108	66,073,600	15,702,395	57,137,816	72,840,211	17,405,768	60,730,640	78,136,408	5,840	322,694	328,535	10,488,180	26,476,162	36,964,342	11,646,942	28,833,568	40,480,510	12,862,429	30,188,164	43,050,593	3,877	62,506	66,384	South-eastern Asia	704	Asia	0	0	2503	Low Income	35110	0
Asia	YEM	Yemen	Asia	2,735,096	8,854,264	11,589,360	3,585,021	11,309,394	14,894,415	4,440,988	13,907,564	18,348,552	3,707	411,489	415,196	199,494	74,187	273,681	257,809	94,840	352,649	318,073	116,672	434,745	181	2,989	3,170	Western Asia	887	Asia	0	1	822	Low Income	10395	0
Europe	ALB	Albania	Europe	1,070,681	2,218,744	3,289,425	1,209,076	1,976,073	3,185,149	1,291,519	1,842,658	3,134,177	1,447	26,918	28,365	118,993	180,343	299,337	126,657	183,566	310,223	132,665	185,229	317,894	168	1,537	1,705	Southern Europe	8	Europe	0	0	4579	Lower Middle Income	4695	0
Europe	AND	Andorra	Europe	52,318	344	52,662	67,759	443	68,202	85,389	557	85,946	292	172	464	0	0	0	0	0	0	0	0	0	0	0	0	Southern Europe	20	Europe	0	0	-9999	High Income	-9999	1
Europe	AUT	Austria	Europe	5,056,732	2,672,206	7,728,938	5,262,502	2,783,824	8,046,326	5,261,514	2,818,182	8,079,696	10,385	73,290	83,675	0	0	0	0	0	0	0	0	0	0	0	0	Western Europe	40	Europe	1	0	29778	High Income	202954	1
Europe	BEL	Belgium	Europe	9,163,192	774,337	9,937,529	9,310,804	796,553	10,107,357	9,381,046	838,257	10,219,303	11,959	18,594	30,553	2,248,367	82,665	2,331,032	2,257,067	81,748	2,338,815	2,260,400	85,215	2,345,614	3,030	1,384	4,414	Western Europe	56	Europe	1	0	28698	High Income	247634	0
Europe	BGR	Bulgaria	Europe	4,623,049	4,095,068	8,718,117	4,554,755	3,851,046	8,405,801	4,394,123	3,555,020	7,949,142	5,890	105,417	111,307	112,437	14,831	127,267	111,150	14,494	125,644	107,696	13,885	121,581	140	356	497	Eastern Europe	100	Europe	0	0	7410	Lower Middle Income	15608	0
Europe	BIH	Bosnia-Herzegovina	Europe	1,733,934	2,574,246	4,308,180	1,367,984	2,052,228	3,420,212	1,610,325	2,366,770	3,977,094	1,208	50,087	51,295	0	796	796	0	618	618	0	700	700	0	14	14	Southern Europe	70	Europe	0	0	6571	Lower Middle Income	5249	0
Europe	BLR	Belarus	Europe	6,500,943	3,758,655	10,259,598	6,579,831	3,748,765	10,328,596	6,446,657	3,740,235	10,186,892	7,405	199,608	207,013	0	0	0	0	0	0	0	0	0	0	0	0	Eastern Europe	112	Europe	0	0	6391	Lower Middle Income	14304	1
Europe	CHE	Switzerland	Europe	5,059,538	1,772,027	6,831,565	5,359,967	1,756,082	7,116,049	5,394,535	1,767,918	7,162,453	7,754	33,425	41,179	0	0	0	0	0	0	0	0	0	0	0	0	Western Europe	756	Europe	1	0	31042	High Income	268041	1
Europe	CZE	Czech Republic	Europe	7,455,677	2,850,115	10,305,791	7,460,778	2,869,862	10,330,640	7,406,839	2,864,808	10,271,647	10,692	67,924	78,616	0	0	0	0	0	0	0	0	0	0	0	0	Eastern Europe	203	Europe	1	0	17937	Upper Middle Income	69590	1
Europe	DEU	Germany	Europe	62,466,816	16,964,916	79,431,732	64,180,412	17,479,046	81,659,458	64,432,336	17,583,004	82,015,340	56,964	299,070	356,035	3,593,109	792,545	4,385,655	3,715,278	810,313	4,525,591	3,704,811	908,383	4,613,194	4,308	18,747	23,055	Western Europe	276	Europe	1	0	26050	High Income	1976240	0
Europe	DNK	Denmark	Europe	3,864,484	1,274,471	5,138,955	3,918,595	1,308,315	5,226,910	3,973,947	1,345,175	5,319,122	9,133	33,815	42,947	1,038,018	359,469	1,397,487	1,049,013	368,454	1,417,467	1,062,977	375,682	1,438,660	2,167	9,038	11,205	Northern Europe	208	Europe	1	0	29591	High Income	174798	0
Europe	ESP	Spain	Europe	32,013,336	7,284,176	39,297,512	32,431,688	7,300,598	39,732,286	32,628,086	7,275,437	39,903,523	65,690	439,597	505,288	2,695,136	333,972	3,029,108	2,729,757	339,786	3,069,543	2,745,070	342,413	3,087,484	3,367	3,233	6,599	Southern Europe	724	Europe	1	0	23453	High Income	649792	0
Europe	EST	Estonia	Europe	1,111,315	459,343	1,570,658	1,044,897	438,787	1,483,684	978,185	415,026	1,393,211	2,485	40,694	43,179	142,611	39,070	181,681	134,830	37,244	172,074	126,737	35,128	161,865	167	2,236	2,403	Northern Europe	233	Europe	0	0	12773	Upper Middle Income	6413	0
Europe	FIN	Finland	Europe	3,160,673	1,783,337	4,944,010	3,336,550	1,728,740	5,065,290	3,495,275	1,633,394	5,128,669	18,256	298,721	316,977	146,742	70,705	217,446	147,525	70,315	217,841	151,559	67,327	218,886	956	3,655	4,611	Northern Europe	246	Europe	1	0	27594	High Income	130797	0
Europe	FRA	France	Europe	40,289,236	16,424,053	56,713,289	41,493,936	16,623,255	58,117,191	42,533,628	16,682,966	59,216,594	71,451	475,677	547,129	2,073,620	611,595	2,685,216	2,126,565	624,990	2,751,555	2,163,819	634,084	2,797,903	4,593	9,011	13,603	Western Europe	250	Europe	1	0	26910	High Income	1409604	0
Europe	FRO	Faeroe Islands	SIS	12,538	34,675	47,213	12,036	31,673	43,709	13,190	32,998	46,188	259	1,149	1,408	1,285	4,365	5,650	1,234	4,054	5,288	1,352	4,246	5,599	28	174	202	Northern Europe	234	*SIS	0	0	-9999	High Income	-9999	0
Europe	GBR	United Kingdom	Europe	48,015,832	9,387,392	57,403,224	48,919,592	9,584,849	58,504,441	49,452,104	9,867,336	59,319,440	52,480	195,303	247,783	5,611,564	1,075,797	6,687,361	5,657,899	1,149,600	6,807,498	5,809,959	1,154,757	6,964,716	6,572	15,737	22,309	Northern Europe	826	Europe	1	0	28545	High Income	1552437	0
Europe	GGY	Guernsey	SIS	-9,999	-9,999	-9,999	-9,999	-9,999	-9,999	-9,999	-9,999	-9,999	0	0	0	-9,999	-9,999	-9,999	-9,999	-9,999	-9,999	-9,999	-9,999	-9,999	-9,999	-9,999	-9,999	Northern Europe	831	*SIS	0	0	-9999	High Income	-9999	0
Europe	GIB	Gibraltar	SIS	21,405	5,267	26,672	21,415	5,269	26,684	21,343	5,252	26,595	4	1	5	10,575	4,194	14,769	10,580	4,195	14,775	10,544	4,182	14,726	2	1	3	Southern Europe	292	*SIS	0	0	-9999	-9999	-9999	0
Europe	GRC	Greece	Europe	7,669,775	2,484,950	10,154,725	7,955,921	2,492,061	10,447,982	8,117,718	2,483,413	10,601,131	17,327	114,563	131,891	663,491	243,145	906,636	673,442	246,962	920,404	666,491	249,312	915,803	1,970	5,612	7,582	Southern Europe	300	Europe	1	0	20318	High Income	132834	0
Europe	HRV	Croatia	Europe	1,375,055	3,141,672	4,516,727	1,409,184	3,223,937	4,633,121	1,415,443	3,237,824	4,653,267	4,502	51,904	56,406	53,412	82,711	136,123	54,391	84,954	139,345	54,511	85,419	139,930	140	1,129	1,268	Southern Europe	191	Europe	0	0	11250	Upper Middle Income	22421	0
Europe	HUN	Hungary	Europe	6,457,733	3,892,203	10,349,935	6,320,500	3,874,188	10,194,687	6,141,440	3,807,493	9,948,933	10,303	81,759	92,061	0	0	0	0	0	0	0	0	0	0	0	0	Eastern Europe	348	Europe	1	0	15399	Upper Middle Income	65843	1
Europe	IMN	Isle of Man	SIS	44,080	23,145	67,225	46,247	24,816	71,063	49,833	25,269	75,102	195	377	572	3,709	3,890	7,599	3,823	4,065	7,888	3,961	4,202	8,163	12	51	63	Northern Europe	833	*SIS	0	0	-9999	Upper Middle Income	-9999	0
Europe	IRL	Ireland	Europe	2,142,248	1,370,234	3,512,482	2,212,408	1,394,160	3,606,568	2,353,122	1,446,534	3,799,656	5,389	64,085	69,474	259,730	100,690	360,420	268,601	100,888	369,489	284,882	103,040	387,922	417	2,708	3,125	Northern Europe	372	Europe	1	0	37073	High Income	119916	0
Europe	ISL	Iceland	Europe	175,264	79,021	254,285	190,434	76,604	267,038	203,957	74,917	278,874	973	90,143	91,116	22,413	21,130	43,543	24,221	21,312	45,532	25,499	22,364	47,863	115	4,456	4,571	Northern Europe	352	Europe	1	0	30625	High Income	8608	0
Europe	ITA	Italy	Europe	41,845,428	14,824,350	56,669,778	42,281,504	14,971,968	57,253,472	42,489,536	14,991,816	57,481,352	69,290	230,058	299,349	3,953,908	1,355,152	5,309,060	3,985,072	1,355,222	5,340,294	3,982,610	1,354,073	5,336,683	7,053	11,766	18,818	Southern Europe	380	Europe	1	0	26063	High Income	1180921	0
Europe	JEY	Jersey	SIS	-9,999	-9,999	-9,999	-9,999	-9,999	-9,999	-9,999	-9,999	-9,999	0	0	0	-9,999	-9,999	-9,999	-9,999	-9,999	-9,999	-9,999	-9,999	-9,999	-9,999	-9,999	-9,999	Northern Europe	832	*SIS	0	0	-9999	High Income	-9999	0
Europe	LIE	Liechtenstein	Europe	25,329	3,505	28,834	27,378	3,304	30,682	31,248	1,369	32,617	95	65	160	0	0	0	0	0	0	0	0	0	0	0	0	Western Europe	438	Europe	0	0	-9999	High Income	-9999	1
Europe	LTU	Lithuania	Europe	2,418,134	1,304,118	3,722,252	2,433,629	1,281,106	3,714,735	2,433,548	1,262,458	3,696,006	4,665	60,331	64,995	151,341	33,869	185,210	152,973	33,629	186,602	153,664	33,238	186,901	213	1,338	1,551	Northern Europe	440	Europe	0	0	12051	Upper Middle Income	13796	0
Europe	LUX	Luxembourg	Europe	299,690	81,958	381,648	318,736	90,830	409,566	336,811	99,884	436,695	753	1,834	2,587	0	0	0	0	0	0	0	0	0	0	0	0	Western Europe	442	Europe	0	0	63598	High Income	20062	1
Europe	LVA	Latvia	Europe	1,763,887	906,313	2,670,201	1,641,505	873,541	2,515,046	1,572,043	847,997	2,420,040	3,246	60,950	64,196	800,504	131,234	931,738	735,018	129,035	864,053	692,340	121,949	814,288	791	2,024	2,815	Northern Europe	428	Europe	0	0	11148	Upper Middle Income	8406	0
Europe	MCO	Monaco	Europe	26,171	3,783	29,954	27,741	4,010	31,751	29,198	4,221	33,419	9	1	10	20,399	1,378	21,777	21,623	1,461	23,084	22,758	1,538	24,296	7	0	7	Western Europe	492	Europe	0	0	-9999	High Income	-9999	0
Europe	MDA	Republic of Moldova	Europe	1,988,660	2,375,239	4,363,899	1,934,795	2,403,901	4,338,696	1,797,290	2,498,092	4,295,382	1,974	32,039	34,012	48,940	42,763	91,703	55,327	33,112	88,438	47,644	40,082	87,726	101	660	761	Eastern Europe	498	Europe	0	0	1613	Low Income	1621	1
Europe	MKD	Macedonia	Europe	1,088,222	820,954	1,909,176	1,150,721	812,648	1,963,369	1,238,361	795,486	2,033,847	2,521	22,244	24,765	0	0	0	0	0	0	0	0	0	0	0	0	Southern Europe	807	Europe	0	0	6074	Lower Middle Income	3712	1
Europe	MLT	Malta	SIS	334,115	25,931	360,046	358,142	19,566	377,708	370,391	19,479	389,870	271	44	315	36,991	16,333	53,324	37,844	12,049	49,893	38,511	11,951	50,462	33	18	51	Southern Europe	470	SIS	0	0	17542	Upper Middle Income	-9999	0
Europe	NLD	Netherlands	Europe	12,464,077	2,479,448	14,943,525	13,067,919	2,374,979	15,442,898	13,371,675	2,483,343	15,855,018	12,214	29,152	41,366	9,475,862	1,577,934	11,053,796	9,871,053	1,521,541	11,392,594	10,125,864	1,590,997	11,716,861	9,435	21,536	30,971	Western Europe	528	Europe	1	0	29668	High Income	413741	0
Europe	NOR	Norway	Europe	2,832,941	1,396,756	4,229,698	2,969,614	1,377,235	4,346,849	3,099,213	1,357,100	4,456,313	18,326	303,259	321,585	208,527	156,426	364,953	218,631	156,616	375,247	228,391	156,281	384,672	1,200	12,162	13,362	Northern Europe	578	Europe	1	0	35435	High Income	189436	0
Europe	POL	Poland	Europe	21,988,060	15,983,236	37,971,296	22,237,244	16,217,931	38,455,175	22,237,310	16,220,739	38,458,049	24,809	286,384	311,193	697,836	261,162	958,998	705,677	270,708	976,385	707,985	265,516	973,501	922	5,163	6,086	Eastern Europe	616	Europe	1	0	11921	Upper Middle Income	187680	0
Europe	PRT	Portugal	Europe	7,096,532	2,798,801	9,895,333	7,215,958	2,697,298	9,913,256	7,333,388	2,678,882	10,012,269	12,100	79,321	91,421	400,020	129,975	529,994	408,419	128,792	537,210	419,003	129,780	548,783	744	1,410	2,153	Southern Europe	620	Europe	1	0	18220	High Income	121291	0
Europe	ROU	Romania	Europe	11,255,579	11,760,266	23,015,845	10,997,994	11,500,126	22,498,120	10,876,035	11,380,737	22,256,772	13,669	223,387	237,056	553,194	226,904	780,098	542,658	223,705	766,364	538,861	221,928	760,789	686	7,911	8,597	Eastern Europe	642	Europe	0	0	7721	Lower Middle Income	44428	0
Europe	RUS	Russia	Europe	100,814,496	47,339,148	148,153,644	100,925,680	47,096,232	148,021,912	99,664,712	45,713,036	145,377,748	176,162	16,388,602	16,564,764	2,513,429	1,109,305	3,622,734	2,491,259	1,122,285	3,613,544	2,467,776	1,084,498	3,552,274	2,863	273,147	276,010	Eastern Europe	643	Europe	0	0	9128	Lower Middle Income	346520	0
Europe	SCG	Serbia and Montenegro	Europe	4,998,177	5,157,483	10,155,660	5,326,078	5,220,441	10,546,519	5,480,561	5,071,810	10,552,370	7,104	94,457	101,561	5,468	3,051	8,519	5,606	3,065	8,671	5,587	2,996	8,583	28	92	120	Southern Europe	891	Europe	0	0	2400	Lower Middle Income	15555	0
Europe	SJM	Svalbard and Jan Mayen	SIS	-9,999	-9,999	-9,999	-9,999	-9,999	-9,999	-9,999	-9,999	-9,999	0	0	0	-9,999	-9,999	-9,999	-9,999	-9,999	-9,999	-9,999	-9,999	-9,999	-9,999	-9,999	-9,999	Northern Europe	744	*SIS	0	0	-9999	-9999	-9999	0
Europe	SMR	San Marino	Europe	19,544	3,624	23,168	21,755	3,126	24,881	23,029	3,484	26,513	54	7	62	0	0	0	0	0	0	0	0	0	0	0	0	Southern Europe	674	Europe	0	0	-9999	High Income	-9999	1
Europe	SVK	Slovakia	Europe	3,198,064	2,056,252	5,254,316	3,278,895	2,082,849	5,361,744	3,278,349	2,118,344	5,396,693	6,434	42,441	48,875	0	0	0	0	0	0	0	0	0	0	0	0	Eastern Europe	703	Europe	1	0	13437	Upper Middle Income	23700	1
Europe	SVN	Slovenia	Europe	1,200,123	713,490	1,913,613	1,245,906	743,271	1,989,177	1,241,381	743,254	1,984,635	2,494	17,730	20,224	24,232	3,979	28,211	25,332	4,089	29,422	25,466	4,048	29,515	28	5	33	Southern Europe	705	Europe	0	0	19251	High Income	21108	0
Europe	SWE	Sweden	Europe	6,193,492	2,362,140	8,555,632	6,449,995	2,370,716	8,820,710	6,514,257	2,321,778	8,836,035	33,227	398,478	431,704	484,394	113,478	597,871	505,830	118,451	624,281	516,177	117,955	634,132	2,471	5,636	8,107	Northern Europe	752	Europe	1	0	27301	High Income	229772	0
Europe	UKR	Ukraine	Europe	30,295,250	21,594,644	51,889,894	30,006,522	21,523,302	51,529,824	28,900,906	20,666,062	49,566,968	25,278	563,140	588,417	906,110	472,076	1,378,186	893,262	474,554	1,367,816	858,826	457,076	1,315,903	854	11,258	12,112	Eastern Europe	804	Europe	0	0	5847	Low Income	41380	0
Europe	VAT	Holy See	Europe	0	819	819	0	799	799	0	779	779	0	1	1	0	0	0	0	0	0	0	0	0	0	0	0	Southern Europe	336	*Europe	0	0	-9999	-9999	-9999	1
North America	ABW	Aruba	SIS	60,642	5,297	65,939	76,932	6,719	83,651	92,493	8,078	100,571	172	18	189	18,459	3,439	21,897	23,417	4,362	27,779	28,153	5,244	33,398	55	7	62	Caribbean	533	*SIS	0	0	-9999	High Income	-9999	0
North America	AIA	Anguilla	SIS	7,414	1,063	8,477	8,821	1,081	9,902	10,165	1,246	11,411	68	15	83	3,739	858	4,597	4,448	837	5,285	5,126	964	6,090	35	11	46	Caribbean	660	*SIS	0	0	-9999	-9999	-9999	0
North America	ANT	Netherland Antilles	SIS	141,394	46,298	187,692	145,540	59,306	204,847	157,178	58,062	215,240	340	478	818	8,894	20,701	29,596	9,154	26,370	35,524	9,890	25,714	35,604	53	185	237	Caribbean	530	*SIS	0	0	-9999	High Income	-9999	0
North America	ATG	Antigua and Barbuda	SIS	55,465	7,254	62,719	56,421	7,378	63,799	57,465	7,383	64,848	261	183	444	13,752	5,855	19,607	13,989	5,955	19,944	14,248	5,942	20,191	68	113	181	Caribbean	28	SIS	0	0	10095	Upper Middle Income	710	0
North America	BHS	Bahamas	SIS	192,568	62,618	255,186	216,971	66,104	283,075	246,696	57,507	304,203	500	12,663	13,162	166,715	57,984	224,699	188,241	61,105	249,346	213,783	52,797	266,580	463	11,802	12,265	Caribbean	44	SIS	0	0	-9999	High Income	-9999	0
North America	BLZ	Belize	Latin America	67,774	117,927	185,701	78,638	124,430	203,068	93,108	133,184	226,292	514	21,777	22,290	43,512	31,068	74,580	50,486	31,153	81,639	59,775	31,493	91,268	238	3,237	3,475	Central America	84	Latin America	0	0	6201	Lower Middle Income	843	0
North America	BMU	Bermuda	SIS	45,042	13,894	58,936	46,579	14,369	60,948	48,117	14,843	62,960	49	14	63	31,650	10,294	41,945	32,731	10,646	43,377	33,811	10,997	44,808	35	10	44	Northern America	60	*SIS	0	0	-9999	High Income	-9999	0
North America	BRB	Barbados	SIS	252,082	5,085	257,168	257,406	5,193	262,599	262,207	5,290	267,497	407	34	441	6,808	4,365	11,173	6,952	4,457	11,409	7,082	4,540	11,622	12	7	19	Caribbean	52	SIS	0	0	-9999	Upper Middle Income	-9999	0
North America	CAN	Canada	North America	23,587,820	4,106,569	27,694,389	25,110,758	4,236,196	29,346,954	26,524,740	4,225,016	30,749,756	123,626	9,336,050	9,459,677	964,007	207,666	1,171,673	1,053,104	207,722	1,260,826	1,106,720	202,131	1,308,852	4,554	257,656	262,209	Northern America	124	North America	1	0	28809	High Income	715692	0
North America	CRI	Costa Rica	Latin America	1,785,385	1,263,292	3,048,677	2,068,566	1,485,213	3,553,779	2,342,862	1,680,558	4,023,420	2,926	48,089	51,015	25,724	42,279	68,003	32,609	49,243	81,853	38,975	55,801	94,776	114	1,677	1,790	Central America	188	Latin America	0	0	9074	Upper Middle Income	16887	0
North America	CUB	Cuba	SIS	7,683,641	2,944,620	10,628,261	8,042,479	2,921,130	10,963,609	8,271,795	2,926,908	11,198,702	9,076	102,123	111,199	1,012,988	453,674	1,466,662	1,038,145	444,195	1,482,340	1,064,365	429,476	1,493,841	1,121	22,341	23,462	Caribbean	192	SIS	0	0	3000	Lower Middle Income	-9999	0
North America	CYM	Cayman Islands	SIS	22,146	4,186	26,332	27,042	4,956	31,998	32,431	5,797	38,228	188	90	279	21,669	3,659	25,328	26,460	4,368	30,828	31,733	5,153	36,886	184	77	261	Caribbean	136	*SIS	0	0	-9999	High Income	-9999	0
North America	DMA	Commonwealth of Dominica	SIS	34,492	36,859	71,351	35,461	35,440	70,901	36,512	34,035	70,547	180	589	769	1,549	3,013	4,562	1,594	3,056	4,651	1,642	3,108	4,749	7	28	35	Caribbean	212	SIS	0	0	5189	Upper Middle Income	254	0
North America	DOM	Dominican Republic	SIS	4,139,969	2,920,844	7,060,813	4,736,069	2,960,495	7,696,564	5,405,340	2,967,307	8,372,646	4,745	43,347	48,092	98,944	132,019	230,963	114,175	135,035	249,209	132,437	139,991	272,428	194	2,090	2,284	Caribbean	214	SIS	0	0	6780	Lower Middle Income	21285	0
North America	GLP	Guadeloupe	SIS	296,948	93,724	390,672	310,385	98,534	408,919	347,639	80,205	427,844	1,105	646	1,751	61,365	26,024	87,389	63,345	26,257	89,602	70,177	25,512	95,689	188	110	298	Caribbean	312	*SIS	0	0	-9999	-9999	-9999	0
North America	GRD	Grenada	SIS	55,329	35,403	90,732	55,554	36,581	92,135	56,407	37,095	93,502	151	174	325	2,378	3,456	5,834	2,387	3,538	5,926	2,424	3,590	6,014	7	14	21	Caribbean	308	SIS	0	0	7355	Upper Middle Income	414	0
North America	GRL	Greenland	North America	17,377	37,918	55,296	17,919	37,598	55,517	18,747	37,227	55,974	69	358,145	358,213	11,652	19,187	30,839	12,067	18,806	30,874	12,717	18,538	31,255	14	56,032	56,047	Northern America	304	*North America	0	0	-9999	High Income	-9999	0
North America	GTM	Guatemala	Latin America	3,282,368	5,436,631	8,718,999	3,740,939	6,199,614	9,940,553	4,322,489	7,021,958	11,344,447	3,565	104,959	108,523	18,505	109,458	127,963	21,158	120,455	141,613	23,910	131,038	154,948	95	2,170	2,266	Central America	320	Latin America	0	0	3879	Lower Middle Income	23252	0
North America	HND	Honduras	Latin America	1,926,741	2,941,060	4,867,800	2,328,702	3,293,563	5,622,265	2,782,318	3,631,359	6,413,677	2,940	109,189	112,129	106,215	130,520	236,735	127,338	144,008	271,346	150,277	146,107	296,384	156	6,155	6,311	Central America	340	Latin America	0	0	2616	Lower Middle Income	6594	0
North America	HTI	Haiti	SIS	1,889,566	5,016,989	6,906,555	2,115,935	5,406,095	7,522,030	2,758,869	5,383,562	8,142,431	445	26,431	26,876	355,163	278,625	633,788	394,296	703,763	1,098,059	424,445	323,442	747,888	77	1,294	1,371	Caribbean	332	SIS	0	1	1559	Low Income	3590	0
North America	JAM	Jamaica	SIS	1,236,469	1,132,406	2,368,875	1,323,940	1,147,820	2,471,760	1,420,240	1,155,822	2,576,062	2,491	8,569	11,060	113,830	68,209	182,038	121,891	70,208	192,098	130,781	72,174	202,955	296	470	766	Caribbean	388	SIS	0	0	3657	Lower Middle Income	8001	0
North America	KNA	Saint Kitts and Nevis	SIS	37,402	4,468	41,870	35,731	4,267	39,998	34,368	4,106	38,474	225	51	277	5,038	2,117	7,154	4,813	2,020	6,833	4,629	1,944	6,573	33	16	48	Caribbean	659	SIS	0	0	11800	Upper Middle Income	340	0
North America	LCA	Saint Lucia	SIS	85,124	46,288	131,412	90,448	49,184	139,632	99,844	47,941	147,785	340	280	620	3,392	2,205	5,597	3,604	2,344	5,948	3,915	2,414	6,329	14	11	25	Caribbean	662	SIS	0	0	5548	Upper Middle Income	660	0
North America	MEX	Mexico	Latin America	52,360,224	30,761,078	83,121,302	58,113,108	32,914,108	91,027,216	63,474,388	35,279,476	98,753,864	96,758	1,846,262	1,943,020	2,820,893	1,839,368	4,660,261	3,163,965	1,975,198	5,139,163	3,402,804	2,188,748	5,591,551	8,714	83,946	92,660	Central America	484	Latin America	1	0	9046	Upper Middle Income	637205	0
North America	MSR	Montserrat	SIS	0	10,728	10,728	0	10,224	10,224	0	3,749	3,749	0	103	103	0	791	791	0	737	737	0	288	288	0	8	8	Caribbean	500	*SIS	0	0	-9999	-9999	-9999	0
North America	MTQ	Martinique	SIS	334,953	25,350	360,303	345,811	26,440	372,251	353,609	29,776	383,385	925	222	1,146	22,491	5,671	28,162	23,220	5,892	29,111	23,744	6,265	30,009	66	28	94	Caribbean	474	*SIS	0	0	-9999	-9999	-9999	0
North America	NIC	Nicaragua	Latin America	1,975,890	1,847,386	3,823,276	2,256,131	2,169,811	4,425,943	2,774,042	2,296,906	5,070,949	2,591	116,198	118,789	16,526	66,074	82,600	18,478	79,639	98,116	28,085	77,734	105,820	31	7,275	7,306	Central America	558	Latin America	0	0	3122	Low Income	-9999	0
North America	PAN	Panama	Latin America	1,298,510	1,098,856	2,397,366	1,485,718	1,145,128	2,630,846	1,654,469	1,201,117	2,855,586	2,952	71,564	74,515	113,492	66,386	179,879	125,880	70,203	196,083	136,857	73,349	210,206	386	2,958	3,344	Central America	591	Latin America	0	0	6796	Upper Middle Income	12296	0
North America	PRI	Puerto Rico	SIS	2,885,399	642,276	3,527,675	3,037,032	680,326	3,717,358	3,227,810	686,711	3,914,521	6,282	2,703	8,985	596,928	87,720	684,649	616,368	88,893	705,261	632,689	87,311	720,000	845	130	975	Caribbean	630	*SIS	0	0	-9999	Upper Middle Income	-9999	0
North America	SLV	El Salvador	Latin America	2,596,988	2,513,645	5,110,632	2,951,257	2,717,942	5,669,198	3,368,797	2,907,980	6,276,777	3,140	17,139	20,279	12,688	125,494	138,181	14,576	136,379	150,955	16,761	147,818	164,579	65	817	882	Central America	222	Latin America	0	0	4781	Lower Middle Income	14287	0
North America	SPM	Saint Pierre and Miquelon	SIS	5,196	1,200	6,396	5,359	1,238	6,597	5,568	1,281	6,849	22	206	227	3,130	727	3,857	3,229	750	3,979	3,354	778	4,132	13	77	91	Northern America	666	*SIS	0	0	-9999	-9999	-9999	0
North America	TCA	Turks and Caicos Islands	SIS	0	11,554	11,554	0	14,009	14,009	0	16,701	16,701	0	548	548	0	10,378	10,378	0	12,595	12,595	0	15,041	15,041	0	467	467	Caribbean	796	*SIS	0	0	-9999	-9999	-9999	0
North America	TTO	Trinidad and Tobago	SIS	1,004,801	210,349	1,215,151	1,064,069	198,370	1,262,439	1,109,033	185,299	1,294,332	2,156	3,046	5,202	114,814	45,946	160,761	119,201	42,425	161,626	122,971	39,842	162,813	263	221	483	Caribbean	780	SIS	0	0	11023	Upper Middle Income	9372	0
North America	USA	United States of America	North America	205,501,264	49,138,952	254,640,216	216,597,040	52,008,328	268,605,368	228,154,736	54,936,968	283,091,704	704,434	8,423,867	9,128,301	18,396,956	2,260,204	20,657,160	19,319,568	2,400,170	21,719,738	20,282,334	2,577,025	22,859,359	47,490	187,068	234,558	Northern America	840	North America	1	0	36665	High Income	10416820	0
North America	VCT	Saint Vincent	SIS	33,841	71,917	105,758	40,390	69,198	109,588	49,962	63,318	113,280	124	329	453	0	11,074	11,074	0	10,915	10,915	0	10,325	10,325	0	49	49	Caribbean	670	SIS	0	0	6110	Lower Middle Income	361	0
North America	VGB	British Virgin Islands	SIS	8,254	8,971	17,225	10,661	9,736	20,397	13,315	10,307	23,622	52	114	166	3,472	7,287	10,759	4,484	7,813	12,297	5,600	8,156	13,756	23	95	118	Caribbean	92	*SIS	0	0	-9999	-9999	-9999	0
North America	VIR	United States Virgin Islands	SIS	90,928	13,258	104,186	98,666	15,176	113,842	104,214	16,652	120,866	275	99	374	21,448	8,925	30,373	23,098	10,413	33,511	24,259	11,575	35,834	89	46	136	Caribbean	850	*SIS	0	0	-9999	High Income	-9999	0
Oceania	ASM	American Samoa	SIS	40,529	6,663	47,192	49,653	7,250	56,903	59,501	8,128	67,629	115	84	198	2,370	2,505	4,875	2,849	2,716	5,565	3,356	3,174	6,530	7	17	25	Polynesia	16	*SIS	0	0	-9999	Upper Middle Income	-9999	0
Oceania	AUS	Australia	Australia and New Zealand	14,563,789	2,322,797	16,886,586	15,657,036	2,413,481	18,070,517	16,656,604	2,479,736	19,136,340	34,598	7,600,150	7,634,749	1,802,717	206,303	2,009,020	1,976,848	224,172	2,201,020	2,084,330	232,601	2,316,931	4,632	117,850	122,481	Australia and New Zealand	36	Australia and New Zealand 	1	0	27872	High Income	410590	0
Oceania	COK	Cook Islands	SIS	8,782	9,530	18,312	9,171	9,771	18,942	9,712	9,889	19,601	55	633	688	3,630	4,656	8,286	3,791	4,807	8,598	4,006	4,300	8,306	23	439	462	Polynesia	184	SIS	0	0	-9999	-9999	-9999	0
Oceania	FJI	Fiji	SIS	332,749	390,348	723,097	352,899	414,521	767,420	380,049	433,522	813,571	1,744	16,510	18,254	76,484	44,140	120,624	82,140	48,170	130,310	90,894	51,982	142,876	296	1,645	1,941	Melanesia	242	SIS	0	0	5639	Lower Middle Income	1878	0
Oceania	FSM	Federated State of Micronesia	SIS	10,799	83,666	94,465	14,096	93,570	107,666	15,267	107,425	122,692	72	603	675	2,354	27,754	30,107	3,213	30,423	33,636	3,414	34,907	38,322	12	112	124	Micronesia	583	SIS	0	0	-9999	Lower Middle Income	232	0
Oceania	GUM	Guam	SIS	129,967	3,847	133,814	140,313	4,160	144,473	150,642	4,438	155,080	490	56	546	9,126	2,471	11,597	9,855	2,675	12,530	10,579	2,859	13,437	31	13	44	Micronesia	316	*SIS	0	0	-9999	High Income	-9999	0
Oceania	KIR	Kiribati	SIS	-9,999	-9,999	-9,999	-9,999	-9,999	-9,999	-9,999	-9,999	-9,999	0	0	0	-9,999	-9,999	-9,999	-9,999	-9,999	-9,999	-9,999	-9,999	-9,999	-9,999	-9,999	-9,999	Polynesia	296	SIS	0	1	-9999	Lower Middle Income	44	0
Oceania	MHL	Marshall Islands	SIS	13,881	30,539	44,420	15,053	32,678	47,731	16,265	34,862	51,127	4	215	219	13,881	30,439	44,320	15,053	32,572	47,625	16,265	34,749	51,014	4	214	217	Micronesia	584	SIS	0	0	-9999	Lower Middle Income	108	0
Oceania	MNP	Northern Mariana Islands	SIS	35,425	8,570	43,995	46,770	11,308	58,078	58,575	14,161	72,736	102	364	466	16,538	4,178	20,715	21,836	5,554	27,390	27,344	6,948	34,292	17	85	102	Micronesia	580	*SIS	0	0	-9999	High Income	-9999	0
Oceania	NCL	New Caledonia	SIS	79,654	91,783	171,437	100,418	93,341	193,759	123,974	92,251	216,226	200	18,635	18,835	30,642	17,401	48,044	35,698	19,289	54,987	41,081	20,728	61,809	42	1,604	1,646	Melanesia	540	*SIS	0	0	-9999	High Income	-9999	0
Oceania	NFK	Norfolk Islands	SIS	-9,999	-9,999	-9,999	-9,999	-9,999	-9,999	-9,999	-9,999	-9,999	0	0	0	-9,999	-9,999	-9,999	-9,999	-9,999	-9,999	-9,999	-9,999	-9,999	-9,999	-9,999	-9,999	Australia and New Zealand	574	*SIS	0	0	-9999	-9999	-9999	0
Oceania	NIU	Niue	SIS	0	2,309	2,309	0	2,138	2,138	0	1,997	1,997	0	267	267	0	344	344	0	303	303	0	300	300	0	20	20	Polynesia	570	*SIS	0	0	-9999	-9999	-9999	0
Oceania	NRU	Nauru	SIS	8,023	1,396	9,419	9,179	1,597	10,776	10,408	1,810	12,218	15	3	18	2,855	1,100	3,955	3,266	1,258	4,524	3,703	1,427	5,130	6	2	8	Micronesia	520	SIS	0	0	-9999	-9999	-9999	0
Oceania	NZL	New Zealand	Australia and New Zealand	2,654,997	705,060	3,360,057	2,860,408	743,403	3,603,811	2,999,379	778,200	3,777,579	7,661	257,673	265,334	410,313	82,201	492,515	439,962	88,043	528,005	462,219	92,541	554,760	993	7,227	8,220	Australia and New Zealand	554	Australia and New Zealand 	1	0	21205	High Income	58178	0
Oceania	PCN	Pitcairn	SIS	-9,999	-9,999	-9,999	-9,999	-9,999	-9,999	-9,999	-9,999	-9,999	0	0	0	-9,999	-9,999	-9,999	-9,999	-9,999	-9,999	-9,999	-9,999	-9,999	-9,999	-9,999	-9,999	Polynesia	612	*SIS	0	0	-9999	-9999	-9999	0
Oceania	PLW	Palau	SIS	8,798	6,410	15,208	10,197	6,943	17,140	11,109	8,066	19,175	12	451	463	5,701	2,251	7,952	6,607	2,479	9,086	7,198	2,676	9,874	8	82	89	Micronesia	585	SIS	0	0	-9999	Upper Middle Income	130	0
Oceania	PNG	Papua New Guinea	Asia	535,865	3,225,730	3,761,595	624,318	3,653,948	4,278,266	734,233	4,074,590	4,808,823	1,130	463,115	464,245	32,417	64,896	97,313	38,445	73,521	111,966	47,545	84,050	131,595	91	9,943	10,035	Melanesia	598	Asia	0	0	2373	Low Income	2793	0
Oceania	PYF	French Polynesia	SIS	58,510	136,668	195,178	64,724	149,776	214,500	70,917	162,250	233,167	221	3,453	3,674	7,551	29,230	36,781	8,354	32,902	41,256	9,154	34,671	43,824	30	1,139	1,169	Polynesia	258	*SIS	0	0	-9999	High Income	-9999	0
Oceania	SLB	Solomon Islands	SIS	45,466	273,114	318,580	56,063	320,603	376,666	76,460	370,831	447,292	72	28,635	28,707	22,113	36,042	58,155	27,276	42,431	69,707	36,930	50,145	87,075	34	2,939	2,973	Melanesia	90	SIS	0	1	1641	Low Income	240	0
Oceania	TKL	Tokelau	SIS	-9,999	-9,999	-9,999	-9,999	-9,999	-9,999	-9,999	-9,999	-9,999	0	0	0	-9,999	-9,999	-9,999	-9,999	-9,999	-9,999	-9,999	-9,999	-9,999	-9,999	-9,999	-9,999	Polynesia	772	*SIS	0	0	-9999	-9999	-9999	0
Oceania	TON	Tonga	SIS	49,039	46,709	95,748	50,534	46,767	97,301	52,115	46,891	99,006	177	488	664	23,047	18,273	41,320	23,751	18,126	41,877	24,496	18,031	42,527	86	181	267	Polynesia	776	SIS	0	0	6698	Lower Middle Income	136	0
Oceania	TUV	Tuvalu	SIS	0	8,783	8,783	0	9,463	9,463	0	10,156	10,156	0	32	32	0	8,747	8,747	0	9,442	9,442	0	10,105	10,105	0	31	31	Polynesia	798	SIS	0	1	-9999	-9999	-9999	0
Oceania	VUT	Vanuatu	SIS	26,589	122,825	149,414	33,163	139,026	172,189	40,499	156,271	196,770	78	12,196	12,274	0	6,920	6,920	0	7,882	7,882	0	8,907	8,907	0	906	906	Melanesia	548	SIS	0	1	2678	Lower Middle Income	234	0
Oceania	WLF	Wallis and Futuna	SIS	0	13,675	13,675	0	14,060	14,060	0	14,454	14,454	0	176	176	0	8,775	8,775	0	8,969	8,969	0	9,257	9,257	0	108	108	Polynesia	876	*SIS	0	0	-9999	-9999	-9999	0
Oceania	WSM	Western Samoa	SIS	33,478	126,754	160,232	33,095	125,334	158,429	33,122	125,465	158,587	79	2,809	2,888	28,040	9,749	37,789	27,727	9,618	37,345	27,754	9,627	37,381	24	218	241	Polynesia	882	SIS	0	1	5270	Lower Middle Income	261	0
South America	ARG	Argentina	Latin America	26,725,552	5,798,357	32,523,909	28,544,514	6,189,882	34,734,396	30,660,944	6,367,065	37,028,009	54,431	2,681,967	2,736,399	3,475,680	311,998	3,787,678	3,596,742	319,429	3,916,171	3,713,759	334,825	4,048,584	4,044	47,515	51,559	South America	32	Latin America	0	0	11775	Upper Middle Income	102191	0
South America	BOL	Bolivia	Latin America	3,613,002	2,959,297	6,572,299	4,324,785	3,088,505	7,413,290	5,022,647	3,305,460	8,328,107	5,793	1,081,937	1,087,730	0	0	0	0	0	0	0	0	0	0	0	0	South America	68	Latin America	0	0	2503	Lower Middle Income	7678	1
South America	BRA	Brazil	Latin America	103,706,784	44,178,576	147,885,360	115,068,592	44,361,396	159,429,988	123,828,808	46,484,280	170,313,088	177,765	8,302,638	8,480,403	8,561,178	1,115,817	9,676,995	9,402,303	1,165,068	10,567,371	10,092,283	1,273,370	11,365,653	10,746	111,189	121,935	South America	76	Latin America	0	0	7679	Upper Middle Income	452387	0
South America	CHL	Chile	Latin America	9,716,955	3,381,720	13,098,675	10,663,391	3,545,995	14,209,386	11,566,766	3,643,412	15,210,178	10,443	710,786	721,229	228,487	68,408	296,895	248,766	72,298	321,064	260,455	76,183	336,638	197	17,567	17,764	South America	152	Latin America	0	0	10631	Upper Middle Income	64154	0
South America	COL	Colombia	Latin America	23,957,674	11,011,958	34,969,632	27,018,776	11,521,518	38,540,294	30,175,410	11,928,321	42,103,731	33,951	1,107,618	1,141,569	925,703	322,918	1,248,621	1,038,788	327,792	1,366,580	1,154,025	332,562	1,486,587	1,942	14,495	16,438	South America	170	Latin America	0	0	6590	Lower Middle Income	82194	0
South America	ECU	Ecuador	Latin America	6,021,664	4,241,321	10,262,985	6,836,568	4,622,801	11,459,369	7,647,772	4,997,248	12,645,020	9,479	237,925	247,404	964,551	429,211	1,393,762	1,110,975	472,398	1,583,373	1,258,784	513,897	1,772,681	1,375	6,419	7,794	South America	218	Latin America	0	0	3595	Lower Middle Income	24347	0
South America	FLK	Falkland Islands	SIS	0	2,004	2,004	0	2,145	2,145	0	2,287	2,287	0	11,988	11,988	0	571	571	0	641	641	0	662	662	0	1,528	1,528	South America	238	*SIS	0	0	-9999	-9999	-9999	0
South America	GUF	French Guiana	Latin America	70,912	45,443	116,355	81,508	56,804	138,312	99,361	65,419	164,780	359	83,275	83,634	20,248	4,358	24,607	21,503	5,134	26,638	25,171	5,873	31,043	103	1,998	2,101	South America	254	Latin America	0	0	-9999	-9999	-9999	0
South America	GUY	Guyana	Latin America	222,828	508,627	731,455	243,220	499,442	742,662	269,094	491,383	760,477	611	210,545	211,156	204,309	178,695	383,004	224,080	172,661	396,741	249,064	166,392	415,456	444	7,421	7,865	South America	328	Latin America	0	0	3974	Lower Middle Income	710	0
South America	PER	Peru	Latin America	10,102,686	11,411,794	21,514,480	10,886,666	12,584,700	23,471,366	11,711,133	13,885,090	25,596,223	12,103	1,277,424	1,289,526	186,794	198,798	385,592	201,007	219,055	420,062	215,855	241,437	457,292	358	5,577	5,935	South America	604	Latin America	0	0	5221	Lower Middle Income	56901	0
South America	PRY	Paraguay	Latin America	2,041,750	2,176,798	4,218,548	2,486,706	2,341,585	4,828,291	2,998,078	2,498,190	5,496,268	3,360	392,526	395,886	0	0	0	0	0	0	0	0	0	0	0	0	South America	600	Latin America	0	0	4505	Lower Middle Income	5389	1
South America	SUR	Suriname	Latin America	268,059	133,535	401,594	282,075	126,947	409,022	296,060	121,084	417,144	604	140,529	141,133	263,029	28,520	291,549	276,812	27,763	304,575	290,579	27,104	317,683	505	6,986	7,491	South America	740	Latin America	0	0	4300	Lower Middle Income	895	0
South America	URY	Uruguay	Latin America	2,564,209	541,106	3,105,315	2,670,932	547,013	3,217,945	2,786,752	550,071	3,336,823	5,306	171,731	177,037	291,748	38,543	330,292	302,272	39,136	341,408	313,308	39,618	352,926	629	6,098	6,727	South America	858	Latin America	0	0	8759	Upper Middle Income	12325	0
South America	VEN	Venezuela	Latin America	16,609,598	2,891,755	19,501,353	18,818,858	3,025,253	21,844,111	20,899,808	3,269,560	24,169,368	38,024	873,535	911,559	1,102,261	207,498	1,309,759	1,251,325	230,455	1,481,780	1,403,273	236,929	1,640,202	3,056	29,831	32,886	South America	862	Latin America	0	0	5518	Upper Middle Income	94340	0