﻿codeList,codeListValue,CI_RoleCode_Text,role_Id
"../ISO19139/resources/codeList.xml?CI_RoleCode","pointOfContact","pointOfContact",0
"../ISO19139/resources/codeList.xml?CI_RoleCode","originator","originator",1
"../ISO19139/resources/codeList.xml?CI_RoleCode","publisher","publisher",2
"../ISO19139/resources/codeList.xml?CI_RoleCode","pointOfContact","pointOfContact",3
"../ISO19139/resources/codeList.xml?CI_RoleCode","originator","originator",4
"../ISO19139/resources/codeList.xml?CI_RoleCode","publisher","publisher",5
"../ISO19139/resources/codeList.xml?CI_RoleCode","pointOfContact","pointOfContact",6
